"","Web","connectance","web asymmetry","links per species","number of compartments","compartment diversity","cluster coefficient","nestedness","NODF","weighted nestedness","weighted NODF","interaction strength asymmetry","specialisation asymmetry","linkage density","weighted connectance","Fisher alpha","Shannon diversity","interaction evenness","Alatalo interaction evenness","H2","number.of.species.HL","number.of.species.LL","mean.number.of.shared.partners.HL","mean.number.of.shared.partners.LL","cluster.coefficient.HL","cluster.coefficient.LL","weighted.cluster.coefficient.HL","weighted.cluster.coefficient.LL","niche.overlap.HL","niche.overlap.LL","togetherness.HL","togetherness.LL","C.score.HL","C.score.LL","V.ratio.HL","V.ratio.LL","discrepancy.HL","discrepancy.LL","extinction.slope.HL","extinction.slope.LL","robustness.HL","robustness.LL","functional.complementarity.HL","functional.complementarity.LL","partner.diversity.HL","partner.diversity.LL","generality.HL","vulnerability.LL"
"1","Aspelintoppen","0.000182641013026836","0.002808396075347","0.00329831047204134","0.149334669338677",NA,"8.31810224593943e-05","16.4713003561452","17.7202349958572","0.0051317035964987","10.7753305443782","0.00353337715915723","0.00284016724723583","0.0508688223973498","0.000130949584805904","48.4869111776457","0.0062991027356482","0.000114838062176123","0.00114743330064419","0.00154201248116761","2.58765130260523","0.557130260521045","0.00294046833013763","0.0128837857094554","0.00139508573853672","0.000366927402530919","0.00186046171453621","0.00212901162794798","0.000361046223749585","0.00281672656196347","6.93875073036313e-05","0.000950231968818179","0.00104792761228263","0.00353256053775902","0.186859225180635","0.103481812739361","3.8769498997996","5.58625651302603","0.067516833247747","0.0111975483391839","0.000427810917176464","0.000263946350730612","7.95338969242517","6.94657582907055","0.00660946568024805","0.0048040799885827","0.205162560807126","0.0574533056682438"
"2","Battleship","0.000145986651785043","0.00195042792659568","0.00900853882551596","0.346529058116232",NA,"0.000113713176071212","4.88249394514534","10.7211459396507","0.0033368216444329","3.97368088565257","0.000234354882121793","0.000581036660799246","0.0827789569468628","5.22803227383385e-05","149.783832833425","0.00579466521295164","0.000133995352930223","0.00184780943558809","0.000441919276200135","2.53346693386776","2.3142284569138","0.00775587695223867","0.0294927120383909","0.000807726423271781","0.000678916727307932","0.00297964087671684","0.00188364921341085","0.000754662195067204","0.00132729682408945","0.00010554046847672","0.000298733863774822","0.00174340581623239","0.00260734291897235","0.304087745690957","0.315871721419847","13.074132264529","11.8201963927857","0.122721394505931","0.038481333563302","0.000428450979531229","0.000338490027631938","27.2162642024862","26.1887137791075","0.00567653057538712","0.00324514877295629","0.272830843882972","0.153456013125819"
"3","Berga","0.000179711726218905","0.00320330445797485","0.00643208289519286","0.614328657314629",NA,"0.000555708719771871","4.27013409250031","14.3252423105498","0.00430689411299971","5.23829824788161","0.00152502331699825","0.00125311772595977","0.0901009960937176","8.56989791423215e-05","136.161455475599","0.00876234133814037","0.000187909980147123","0.00310738684449385","0.0012832747522984","3.14989979959917","2.89498597194388","0.00822468962903076","0.00937982941295007","0.000819789247047313","0.000695010427135768","0.00472188831351358","0.00412853803871191","0.000864887895753615","0.00097953619338395","0.000148905436628705","0.000211865864664027","0.00236711574912667","0.00262790802714729","0.239644056633271","0.231244607841033","8.28795190380766","9.07925851703405","0.03113390439167","0.0311851653318294","0.000404820515217557","0.000376421748538343","24.1217553743613","22.1529173871744","0.00840223864347713","0.00745059407845743","0.201143738687998","0.17192645377802"
"4","Bernasso","0.000160440234726327","0.00194614900912126","0.00702184336688982","0.0600240480961924",NA,"0.0008152600089684","5.0515493504937","8.81859199576783","0.00246195142387776","4.13988365105725","0.000368974313163916","0.000623144751487546","0.111367501186117","5.79207715764005e-05","310.768934805734","0.00589283828492786","0.000146346139800101","0.00334182847433625","0.000832788726462894","4.68304208416831","1.37234468937873","0.00447899956437691","0.0354090704879153","0.000716154675600976","0.00037022298559065","0.00416614967509163","0.00217190241094739","0.000394782708513863","0.000770535660407745","0.00011118390115175","0.000253548766745561","0.00110580986691685","0.00264181277448258","0.175878363598549","0.450805716663398","11.1072505010021","11.1726492985972","0.220443151641501","0.0201591350913962","0.000603877794323561","0.000274367293312019","25.8218231627191","19.7622695833315","0.00526392069294791","0.00589363639943451","0.120953925876267","0.321532444254679"
"5","Bonanza","0.000786033358610679","0.00501301702547401","0.0151822997768828","0.384064128256513",NA,"0.00174642281832005","20.82606437022","28.9781170374896","0.0106184524974655","16.4345856452232","0.000812795955157863","0.00154808999705719","0.132668824989107","0.00022759725728035","228.765774341236","0.0127056225675864","0.000308262084759865","0.00214462796692797","0.00139282978837765","4.01620841683364","2.14815230460922","0.0208234473084825","0.079723561442725","0.00254712574995437","0.00140983493675659","0.0080941420991902","0.00719343251879845","0.00155582836186725","0.00318994566904711","0.000479592522357969","0.00118159545126382","0.00352866732904965","0.00703537646393998","0.256924210140692","0.42428596147939","10.009503006012","10.3057114228457","0.326646228961004","0.0626155085202064","0.00101054927515424","0.000575126284901845","25.6080193366458","21.0433240454954","0.0116790552527522","0.00935300398092734","0.231875693537049","0.303760015495016"
"6","Brjánslækur (Barðaströnd)","5.24308775953704e-05","0.000200013751285492","0.000437040946391556","0.00795190380761538",NA,"0.00024680843167828","2.79031565359699","2.16582763291903","0.000581999408475456","1.08099591914149","5.22233042945252e-05","0.000103197093627159","0.00154057533213408","8.68091886059911e-06","0.302271271874591","0.00041796144933233","1.61152653384407e-05","3.74112741951421e-05","8.14910072708535e-05","0.0686613226452955","0.0310380761522997","0.000954678650217176","0.00239329654521827","0.000119269187751347","7.56939576293751e-05","0.000204699520690461","0.000232373878878359","0.000107670195716791","0.000166750488929651","2.88353601723298e-05","9.02566784767859e-05","0.000174053085246187","0.000353217718757585","0.00569279309917158","0.0116685703710555","0.297695390781569","0.258513026052103","0.0286638004175627","0.0106807299702321","9.73427945956029e-05","0.000102879096580822","0.934333945605867","0.697715962240342","0.000228351550064675","0.000216496218524548","0.00275802160973683","0.0036905197085454"
"7","CastleRock","0.000800196959978389","0.00748322252046492","0.0163215680221172","2.4795631262525",NA,"0.001613994200036","37.1890688963167","35.6802038917446","NaN","1.67765224393294","NaN","NaN","0.266910474275807","0.00042209297619721","4097149770353513984","0.0535688384369731","0.000681597818752717","0.000592632275065498",NA,"2.80751503006011","9.95831663326656","0.021701941776531","0.0096943287746555","0.00195805302352035","0.00211818600543248","NaN","NaN","0.00163477961462264","0.00163599907125732","0.000579241442673328","0.00067729708419737","0.00591210069354522","0.00459757070293431","0.362641456521045","0.103196757216526","14.7038076152305","14.2714669338677","0.0310225996629524","0.144122939457438","0.000779680319171181","0.00137888934786261","11.5963290067409","15.0402787995178","0.0450827983043738","0.0306836571507765","0.643938947590497","0.183014870575376"
"8","Cerrejon","0.000303253692868314","0.00202924370931403","0.0178274576728053","0.0600240480961924",NA,"0.000392822720016293","4.73093352880329","11.5397376409332","0.00212810799063936","7.43931025704593","5.6243473820454e-05","0.000506787554423795","0.18338037161745","7.62292565511331e-05","175.948257045544","0.00471957262227866","9.81581482484173e-05","0.000682484205778272","0.000110013315291358","3.12007615230462","3.43841282565127","0.0686133384751952","0.0572964045985744","0.000701309087009897","0.00079102742021952","0.000682101622709399","0.00100455903829553","0.0013953030128906","0.00120724652301511","0.000167993343614748","0.000597632051502047","0.00220032419460495","0.00127598118383253","1.07823117414984","0.160525037441191","18.0069098196392","25.8807855711425","0.208102301247586","0.134755181398977","0.000263525627547812","0.00043597262670588","29.9005339714364","56.155798421232","0.00422156124480084","0.00150275575675188","0.766518763262742","0.0709058332697555"
"9","Chilga","0.000125704446462784","0.00388372555248823","0.0090189671165705","1.82686973947896",NA,"0.00034165773649803","8.29850948476681","9.77687706718282","0.00606436334988899","2.48722951976972","0.000875687966336708","0.000882231399719164","0.141080242903849","6.8874506455403e-05","435.291088576468","0.0161417866094529","0.000249780077210969","0.00327629183913824","0.00292531023302587","5.71627655310625","6.91422845691385","0.00566432852182071","0.00662500560608214","0.00059329388054435","0.000686877074188183","0.00582479939474423","0.00538185636269896","0.000622733465851003","0.000603748417902312","0.000100059574065764","0.000130243562136692","0.00166727405096932","0.00186919897734099","0.367014368524635","0.233430387486888","19.494745490982","19.7361883767535","0.036400456462977","0.0352918889989492","0.00046172945085489","0.000419466924424906","45.5494500370948","40.962529901598","0.0145036273200532","0.0104643070098545","0.328359825220885","0.222510584773158"
"10","Clarkforkian","0.00108662026090431","0.00413730149748136","0.00663136954069992","0.288332665330661",NA,"0.000659412935849146","21.5528966863119","46.0690046007172","0.0132541050354043","26.2950525505427","0.00560653648472099","0.00675703002084824","0.11687590638555","0.000278982334182702","6.33596035225127","0.0157081803133273","0.000447755146527419","0.00119220360064792","0.00459801329835302","4.36958316633265","0.703563126252508","0.0138709993712978","0.0982023115619012","0.00378895254482231","0.00528911002580393","0.0327108061150549","0.00338888164499815","0.0104155652813182","0.00434740269114797","0.00318971413025716","0.00154909690748815","0.00922826460651802","0.01117922802204","0.11554864149718","2.03869701340328","4.97905811623247","4.90290581162325","0.557093018849136","0.018563281859108","0.00172758886316673","0.000481778017834626","101.623422468207","38.7128337505348","0.00717599914072277","0.0088871194217926","0.0256077809694146","0.478163208907413"
"11","CoolPeriod_BH","0.000487670967426032","0.00181225162861317","0.0132839692810166","0.00199999999999998",NA,"0.00189020779054381","15.4205301977437","12.4591211505017","0.00371270576122514","7.82527052634897","0.000239937819356101","0.000579102674270684","0.0505549523855289","9.05957836903028e-05","27.5380328815246","0.00406451658611645","0.000175005069114898","0.00141669009214665","0.000467027298836151","1.10170741482967","0.684452905811626","0.0207267727642838","0.0903349450438422","0.00129195658167309","0.000699384109794951","0.00238590890314654","0.00215064819709418","0.000653855171593637","0.00140027959019527","0.000279006740385011","0.000747898463314701","0.00139932137887824","0.00235458533772145","0.14313672797697","0.244278663138115","7.37074148296593","7.63242885771542","0.454326352178493","0.0803511967554274","0.00050564225823835","0.000355656446477078","29.9063411026611","24.2255674072771","0.0034887134212985","0.00313198688413722","0.0834081514812295","0.113952095556367"
"12","DaiyeSpa_BH","0.000921814054140261","0.00214052022035398","0.0237158629826539","0.156677354709419",NA,"0.00218921843081077","13.307675161004","21.8471459897715","0.00540023289913224","11.5871985699829","0.000234920266348869","0.000604426360423008","0.0925942627218319","0.000150500829825632","53.1266808632672","0.00524204807094678","0.00023744077562974","0.000853075686698203","0.000335040112716645","3.86852104208415","0.994192384769537","0.0400825495270556","0.287906032845956","0.00173700409066411","0.00112448280986047","0.00132680746153932","0.00224169971036633","0.00118641153816276","0.00358672987246322","0.000582550578247453","0.0010907861119466","0.0024949552560837","0.00446357152911997","0.136844135006831","0.894791113744017","10.8622805611222","12.3420400801604","1.71697636309094","0.11394864461881","0.00079423314100019","0.000459887677608324","58.2631360384093","41.061863237013","0.00430102347239241","0.00382208177061621","0.137061045697722","0.308195480494643"
"13","DeadPlatypus_BH","0.00119540897146166","0.00312702782835683","0.0186041731623229","0.0118797595190381",NA,"0.00299083552324289","16.2924760961278","26.2330833390324","0.00578485619886232","14.7883232850217","0.000431185274085498","0.00104903270017047","0.0869182282352455","0.00016125506547615","30.3299996148091","0.00591931489032391","0.000243597525287762","0.000834805620190117","0.000518798007904365","2.6342725450902","1.12982364729459","0.0368630729841042","0.29268950588467","0.00222655576844895","0.00137520888667866","0.00185626006766622","0.00295847235263105","0.00206245264084575","0.00376892340506581","0.000728694394608789","0.00150574750153858","0.00351413882429818","0.00402299495481272","0.184953863553931","0.916882373642013","9.98823246492985","10.0555350701403","1.59678707011628","0.107816372936181","0.000732803263628592","0.000536883309077488","44.7128337216843","36.4102607792223","0.00455595271604559","0.00432027532180522","0.113251510954024","0.277501386327449"
"14","DeanStreet","0.000158758541264896","0.00297425492425141","0.0116476832282886","0.276649298597194",NA,"0.000438263526665315","4.06674691894157","12.4699833854328","0.00294495427542177","5.34813938065662","0.000250795925185794","0.00081466049110237","0.158731624607447","6.73696351352643e-05","492.595765214107","0.00648806364770718","0.000117407511274149","0.00170296760310833","0.000528357558474151","3.24546693386776","5.93340280561119","0.0158995243299101","0.0197273945540746","0.000782948199873865","0.00058537436994417","0.00331468240564735","0.00270504804044664","0.000607331140325654","0.00114806986446524","0.000138585240202972","0.000213296187373285","0.00184916845170458","0.00244062726956808","0.571499914435967","0.313973346651557","19.665006012024","18.7631903807614","0.0644476783488676","0.0664583677407937","0.000368267558978764","0.00035577320589832","29.2139555110525","37.638396084765","0.00764085444954192","0.00600651825426077","0.51887711758577","0.242239880338127"
"15","Eckfeld","0.000239791341886975","0.00622612876133589","0.00879736573265332","3.02016432865731",NA,"0.000195176061691231","11.2485420757878","21.5403777976774","NaN","5.91012561175635","0.00359577802562863","0.00230162616550966","0.270222353162189","0.000232596451538424","3096.38732476636","0.0295417411831944","0.000356452787193844","0.00903806498680768","0.00394976556825729","12.7832104208417","6.64642885771543","0.00707810610814837","0.013513754780572","0.00208662607711419","0.00240018710634095","0.00823283225011505","0.00410252441103399","0.00269397042975252","0.00254356995006183","0.000313777717532283","0.000319751797929428","0.00456050287044433","0.00547254205251496","0.439003296316371","1.02664263320761","25.9396232464929","28.8576993987976","0.067392008161219","0.0204510065527009","0.000812409404527862","0.000477208475765353","35.7585421666461","31.7678816082114","0.0216295349441978","0.0257599023869838","0.424355328499062","0.871023113873051"
"16","ElkCreek_BH","0.0123465215669005","0.00142673706291","0.00528633106392054","0.122080160320641",NA,"0.0378281841460699","67.0329139356248","12.1161303582521","0.0162046875530703","28.1409459598887","0.00355672404443935","0.00761020649426342","0.0464376897251566","0.000130002559156989","0.940496137309882","0.00821959366063395","0.000911976437139946","0.000380160179085368","0.00364426831107349","3.02565130260519","0.208801603206413","0.0101444227053348","8.5709779559118","0.0253190187011081","0.00213063758266315","NaN","0","0.00444806142064237","0.0138346095448812","0.0361409832614358","NaN","0.0160257387366601","NaN","0.0186302856647313","12.6611967773099","2.32495390781563","1.20025651302605","63.4094677790128","0.0645586389320851","0.00471206108549264","0.00389076767748565","260.732585101006","254.74149839928","0.0012975669766478","0.00540480105512948","0.00238790086676884","0.174942172807988"
"17","Enspel","0.000269646295599792","0.0033264830565206","0.0120367625319854","0.204613226452906",NA,"0.000548577700203766","4.10860801726519","24.1378489404792","0.00441898459599299","9.29321548581829","0.000908922355884834","0.00167890374186932","0.163171592541516","0.000116298841170157","190.865810918027","0.0131274091775655","0.000281054345976943","0.00458847527069933","0.00128999156240343","2.34879358717437","5.45142685370739","0.0280683996390377","0.0158648414742402","0.00127234985027014","0.00168294756809321","0.00492374661749536","0.00628656866092028","0.00265087572502005","0.00174718014686894","0.000402666931435894","0.00036805482574899","0.00509208271523451","0.00397280911426311","0.670054287828564","0.356412663064615","13.5715430861724","11.8457555110221","0.0431875920594043","0.0998118858007258","0.000471598499064363","0.000612526259185208","45.8378705755399","38.9699207660313","0.0102085728087495","0.00860062064090838","0.396137083134078","0.265756979913333"
"18","FifteenmileCreek_BH","0.00082653368113494","0.00375677366453354","0.0193402315572376","0.45",NA,"0.0012463884526705","11.3556376019193","30.3279496665464","0.00673569558967018","19.1442687838217","0.000480031400994906","0.00199248643191302","0.0773756466428066","0.000135286098947763","34.8537852100541","0.0100201332084845","0.000304188735912736","0.000948853675711808","0.000566637032117855","7.23653707414831","2.91445290581163","0.0222768519074026","0.23946207641615","0.00310933762058633","0.00206365779627334","0.00288170322166984","0.00346525039335448","0.00358666058360848","0.00433493997014345","0.000590142747332485","0.00135386649616834","0.00418410724553311","0.00844703218464146","0.30190277162563","1.14028438292408","19.2669338677355","22.2342444889779","0.879574999985236","0.0489433352610352","0.00108551685265117","0.000452775419184961","153.407403149655","116.175429250795","0.00645286411351256","0.00323745442700034","0.123483390761389","0.25282537381478"
"19","Firkanten","0.000307529618395967","0.0030827356219875","0.00866090114670272","0.0253747494989981",NA,"0.000748263879716994","10.5805831472896","21.3544169991974","0.00493203292149122","11.5305652469129","0.000574777722152318","0.00205508975958586","0.0992766553393673","0.00011574999750738","82.4087384003252","0.00693295907231168","0.000193270181781285","0.00175524147955015","0.00105067337007366","2.06252505010022","1.14582765531061","0.0106439663187175","0.0311178183339076","0.00172918274201736","0.000553498923469811","0.00588490671811638","0.0038637286952986","0.000760924195606965","0.00313912301037223","0.000263477784890665","0.000787044345786195","0.00185015975752011","0.00496747972855757","0.536727061218119","0.162567869922413","5.90882164328659","6.34553507014026","0.143759375972678","0.0466797391992274","0.000565171753504239","0.000511843227646219","15.1182628531286","12.9009587768302","0.00643346272286663","0.00524603082439711","0.338834660551908","0.0921383483792124"
"20","HannaBasin_C","0.000105530408707332","0.000291517291111164","0.000452858784318958","0",NA,"4.27589873623332e-05","0.47863519660751","4.51098431194601","0.000353847975205241","0.914127452075383","0.000241777018299786","0.000348646770010966","0.00724739404059566","1.23315618839192e-05","0.626460430117075","0.000530876741242376","2.78784397377757e-05","5.00164279706196e-05","0.000151995681196595","0.277655310621219","0.0754268537074129","0.00113680422688144","0.0102203176420651","0.000189097988256667","0.00015740744024197","0.00201931104375368","0.000142735748685298","0.000203775449983584","0.000334237952465045","0.000146136183261676","3.22401546508501e-05","0.000327359494145317","0.000692555498899463","0.00906077168932149","0.142557073538004","0.451302605210415","0.595286573146283","0.0439098158002104","0.0118644881519411","0.000205489674943443","0.000294855801771979","3.17256029565886","1.46740398518806","0.000251510438685098","0.000427214117142919","0.00148184113275052","0.0281686118121757"
"21","HannaBasin_E","8.00148721643621e-05","0.000566890661409636","0.00152292647475176","0.0439719438877756",NA,"0.000594215648928613","3.56417242209314","8.17990978497812","0.00158913058366246","5.65438771120133","9.32695429348116e-05","0.00050318919021165","0.0178585806530055","2.4648628552475e-05","7.54133974646968","0.00214088012957134","5.69297008623862e-05","0.000443938545533121","0.000425728613881235","0.474549098196369","0.112300601202406","0.00412902794742316","0.00544307398493612","0.000128890990409671","0.000643257951462907","0.00132108022041247","0.00109478555953441","0.00151789386459158","0.000217731708476069","0.000226173912808978","9.40935681586273e-05","0.00186222631265788","0.000495296407404332","0.0156954605768169","0.232887348219846","0.827751503006002","0.924793587174337","0.0488068821317162","0.0171872519700525","0.000159998665058033","0.00018233631272991","6.03778475811957","4.84860982069184","0.00103219122979248","0.00175525920925171","0.0135985159458012","0.0669154719567059"
"22","HazMat","0.00318046499094031","0.0025097698655904","0.00835926994762897","0",NA,"0.023891192106435","18.5323395492487","38.8413271324071","0.00740811920124913","48.2750814100224","0.00264024325953565","0.00543669187421236","0.0647024345639629","0.000319542773220008","1.44872800722781","0.00831402585709111","0.000707147678670372","0.0011723223765831","0.00263307149360521","1.68446893787576","0.235587174348697","0.0140319751309519","0.431585393008203","0.00202773866345159","0.00164064849425978","0.0305457577856128","0.00428020765272638","0.0054103566067353","0.00584344830076594","0.00519690844344565","0.00406502813195935","0.00592956951457637","0.0223505749718433","0.105799287812157","2.19709262292944","1.81192785571142","0.710044088176353","3.21510638238168","0.0685164864027769","0.000793250992505714","0.00117424402084159","161.380870945923","100.298714308036","0.00419744599304745","0.00413803405158861","0.0127339552452536","0.256136026685353"
"23","Hindon","0.000147633870650954","0.00133316377860574","0.0473090715930345","0.448012024048096",NA,"0.000296996001484173","3.46234792925283","154.630347197077","0.0150802596481238","131.51421014862","0.000420728262814215","0.00384100636520578","1.44458261706854","2.14843636974883e-05","213.149573185946","0.0244257752116403","0.00101652628513057","0.0169509662288285","0.00135549842526706","48.8178717434865","1.73596793587173","0.122401999648712","0.247068504078017","0.000716438331162796","0.0338805565955507","0.000435857421900882","0.000592371245602522","0.0661650889899181","0.00114710508003857","0.00241050368328879","0.000176357919179061","0.0411039572502425","0.00263993055986859","0.140069701639342","83.5741625850597","18.2099238476951","21.1657675350699","0.621100271985176","0.135593291122018","0.000383064156945002","0.00103411554815723","9713.22379575682","19918.8174523189","0.0305213363095369","0.0404018476980703","1.28315479251376","12.3772243666287"
"24","HubbleBubble_BH","0.000781469928958114","0.00299733700667136","0.0333406386377896","0.0949539078156312",NA,"0.00198363678375803","9.20013502468949","14.3698441466962","0.00359734407362162","7.90460406915067","0.000215499887822301","0.000803442415870225","0.0935948001521878","8.78413413364172e-05","68.9405680404508","0.00736575702878421","0.00019855064083456","0.000850995697421187","0.000219896669140162","3.99991583166329","2.51852104208417","0.0423999279360324","0.359655083319492","0.00243540186177999","0.000933788893837641","0.000947821013857445","0.00179168773154035","0.000849832195084583","0.00447160440862283","0.000456179849950706","0.00127683837143413","0.00164400894860165","0.00434294326876079","0.322835476753985","0.856317515805882","19.9274188376754","24.2784569138276","1.68203518128707","0.136412443712862","0.000808253894871279","0.000438974630921843","93.0386370314632","96.2721194933189","0.00549306065487939","0.00236322729284176","0.194606442974711","0.215684118176894"
"25","Iceland 10Ma raw","0.000341720682527124","0.00106202974936514","0.00204673116389587","0.0138316633266534",NA,"6.23747494989968e-05","6.85870723377478","24.0044283556571","0.00344122016099358","1.96765960769041","0.00213555494473025","0.00309443451731455","0.0205311462740681","9.57915710255399e-05","8.88058815233235","0.00546178705133822","0.000174881849574377","0.000199981015391714","0.00376392582813222","0.763126252505016","0","0.00291948912773891","0.0282844578045029","0.00132989128029969","0.000416086630432393","NaN","0.000633246699405702","0.000554946108228373","0.00242713811067255","0.000352672354910566","0.000596485780471479","0.002114189748395","0.00494860427023518","0.0134229494149699","0.0810513821511468","0.643923847695389","0.683991983967939","0.204649238442192","0.0114477698826854","0.000304715635110769","0.000384938863939926","1.87726745937269","0.620401820000129","0.00209309979985763","0.00603907140261211","0.0119289210949924","0.0845127127802312"
"26","Iceland 12Ma raw","0.000584303164522979","0.00304670964181052","0.00839382883414684","0.199835671342685",NA,"0.00322146065649275","21.0111863027731","19.2275739569464","0.0069133591478356","11.6991051497636","0.000876301004830872","0.00124258775847496","0.0349542414126067","0.000115279177299863","9.23824384165258","0.00773687772971881","0.000252246821501156","0.000783864352180461","0.000884637305616421","2.17126653306613","0.476517034068135","0.014982440369573","0.0306645667555787","0.00178541931748563","0.00159392338365664","0.00748773589560918","0.00642140908935592","0.00252287259824441","0.00132671498305086","0.000490010531927473","0.000766185764898875","0.00332312041460172","0.00306974220898278","0.0613594155068715","0.240632868030165","3.41723446893787","5.14313026052105","0.164699959584172","0.0583701569426034","0.000630864848051465","0.000525995060972214","24.6294375636833","26.2894898767836","0.00473715927597698","0.00454584560173121","0.042826254084426","0.115513460741145"
"27","Iceland 7-6Ma raw","0.00058143365842151","0.00280148242884015","0.00563110450345133","0.0479799599198397",NA,"0.00311666446318539","5.91403636911789","27.119737651689","0.00498709204831295","17.7100990377889","0.000457217186846585","0.00301108948004765","0.0333130533224444","0.000110703574884962","4.04666650744401","0.00588560684121409","0.000236959730402279","0.000723245886495543","0.000751076129499494","2.09779559118234","0.427458917835678","0.0137786182522977","0.0654735122449541","0.00207853979527678","0.00189350322521508","0.00366705384183239","0.00272010294570326","0.00403831040793192","0.00493122656942822","0.000794027987715145","0.00103928351191181","0.00465731242585575","0.0060280233191737","0.140305497631606","0.672938261127028","3.0456873747495","2.53385170340681","0.282942684689794","0.0344937272100675","0.00063043492574509","0.000432550915207003","55.6967766929496","23.3785526149044","0.00416520231123205","0.00282076822003945","0.0413942508197641","0.111761881474623"
"28","Iceland 9-8Ma raw","0.00089989625019882","0.00375112730956424","0.00498876899494869","0.282180360721443",NA,"0.0036971749785788","3.48407346736842","39.4438115216835","0.00806061108983899","25.147797735892","0.00136757737253583","0.00287461255629637","0.0672995093092051","0.000153228793805637","8.02906123026236","0.00774243179494589","0.000273711278910987","0.00141117110332205","0.00121646215564383","2.1616472945892","0.771539078156312","0.0158620485866293","0.0670217756222974","0.00222780974718074","0.00179733495167551","0.0118153778034507","0.00296815776113324","0.00245108797867585","0.00884065071991802","0.00172323455237307","0.00116996987140979","0.00413637699596279","0.0147587054801856","0.225760274559942","1.01358043066239","2.18457314629258","2.40495390781563","0.164612191223033","0.0338743272762956","0.000979462603137044","0.000576768166924755","27.8390416268647","19.6328683653632","0.00391934585306496","0.00719100386745485","0.047065704661215","0.264098052771994"
"29","KevinsJerky","0.00140802599683396","0.000699265763332224","0.00782067845641596","0",NA,"0.0207886884880875","20.5247730738773","28.8094573554892","0.0182062125869576","28.4026980823861","0.00271479011810533","0.00271332531193589","0.143770347690499","0.000302306932598175","3.20327445352258","0.0131659146063338","0.000552192098441884","0.00251905722214143","0.00232824939938238","3.31012024048096","0","0.0155747493794889","0.705159652638629","0.00204744521837784","0.00202426801494837","0.00619755096824692","0.00555728164877773","0.00363562344109473","0.00571830352972539","0.00396448899095766","0.00159654844421321","0.00701944032209078","0.00398784305170033","0.0187510570537305","2.61248183634082","2.52111823647295","1.62606813627254","4.50164184054497","0.051880368802632","0.000299974578774299","0.000543283127070733","115.903289167312","75.9278106761775","0.00345207850685489","0.00893909540534236","0.0125676534574852","0.558459762045579"
"30","KisingerLakes","0.000870304515339903","0.00930641090995121","0.0123458522382662","1.13094589178357",NA,"0.000982088012789872","24.4436178487514","50.9585100187642","NaN","12.4969490761697","0.00514026804885738","0.00609306449594703","0.343997662895842","0.000480802904823535","397695512406969280","0.0376879508152605","0.000509063989234691","0.000663178921776378","0.00729765172175936","9.67879358717434","2.88424448897795","0.014112898187134","0.0509013153139809","0.00274831969434213","0.00309152257792458","NaN","NaN","0.00412564501173425","0.00353978543045551","0.00158500874505555","0.000838276253094755","0.00831550359679623","0.0125573020255038","0.257459917828376","1.06083475668332","11.5839519038076","13.7626613226453","0.224442149872799","0.0238632849215477","0.00153242174269058","0.000547801709678608","13.4592377287151","9.64844384557873","0.0235870493123149","0.0362490461492619","0.235128363898808","1.03758919036026"
"31","LagunaHunco13","0.000212369946960712","0.0040566221455343","0.0162955348397867","0.581366733466934",NA,"0.000280204958434649","3.50996099540015","22.6889132243095","0.00536996160086782","9.31404366271209","0.000308767767638985","0.00134873037649327","0.176270610927214","0.000100919237974943","396.87370742869","0.0130361476104464","0.000235758969438052","0.00297332047021498","0.000579060214383373","4.29362324649295","7.69539078156313","0.0190707007732437","0.0336448574852669","0.00115473306604346","0.00168926768532219","0.00544078966606024","0.00354240736395147","0.00348464918327851","0.00123382181590495","0.000191684226919652","0.000381236478778596","0.00439586983151475","0.00392268161243168","0.690535689923777","0.539441495741271","22.4579198396793","22.6403366733468","0.0762239351715953","0.0589677817557633","0.000483356320810451","0.000449423655751359","40.6136812365619","62.2079713871639","0.0116452555380925","0.00721528327530385","0.602333962445812","0.343239343631826"
"32","LagunaHunco2","0.000104878544721486","0.00198622202570562","0.0111779353582769","0.259955911823647",NA,"0.00017670822933602","5.54187121862917","9.98283795466848","0.00317799185440955","3.65455845740735","3.81498005153978e-05","0.000474995920083719","0.1964705694533","6.4880636812219e-05","2391.82043248237","0.0056610540182638","7.70482652771597e-05","0.000917256611100464","0.000300997665990142","3.95132665330661","7.41522645290576","0.0119236634703505","0.0191130332300309","0.000675106399901349","0.000439915717588262","0.00282454107336061","0.00211043578457663","0.000376403777006813","0.000729259371331384","6.456843775417e-05","0.000193198246910026","0.00137390835911333","0.00203741719542991","0.763641292104138","0.21091257075646","35.7613466933868","42.8892144288575","0.0682732962287402","0.0576951049831618","0.000305323127681485","0.000299276119341426","23.8663507657264","31.793238863292","0.00592030825709288","0.00468609703426648","0.66851126018809","0.192497337155536"
"33","LagunaHunco4","0.000603122336612235","0.0086631316989844","0.0183774929818873","0.232769539078156",NA,"0.00164210363349481","22.4933612149431","29.9093719460706","0.00958835319794725","10.2988371738873","0.000380531326349217","0.0029472482528829","0.271621070726864","0.000222829620209605","7343.31059343135","0.0230464941503447","0.000264425450395463","0.00164151772909468","0.00173497817506959","8.95459318637275","6.1431503006012","0.0252286359498111","0.0393606084293878","0.00153435764252669","0.00156387133764554","0.0103745661219598","0.00890174006677093","0.00153770346703384","0.00145748803021447","0.000379912814886766","0.000655661631641102","0.00466946885721088","0.00430334616199278","0.549616359298799","0.407736702201083","22.3599959919839","23.3436312625251","0.139962153431086","0.101885358830897","0.000709738757682326","0.000797804433448822","24.6590835344586","26.5147095591013","0.0197632666196931","0.0186326156760617","0.615067517881216","0.454900533307797"
"34","LagunaHunco6","0.000260729705386548","0.00241437883439304","0.0140427735458751","0.349482965931864",NA,"0.00019137727391606","6.15489050521485","17.2051392842613","0.0044314945206857","8.54523870508232","4.45234499400376e-05","0.000659031119385909","0.156065785036257","0.000113392191988735","548.839556691127","0.00551868163788248","0.000118475695288653","0.00134332839578706","0.00033968180814239","3.98218837675355","3.882368737475","0.021347026627354","0.05076668899501","0.0010646661675555","0.000643498775378796","0.00209226196461477","0.00211053178003664","0.000537093267331454","0.00110660464703924","0.000123573205454096","0.000526829677215105","0.00190279740747646","0.0027867070926856","0.535863221444743","0.221402926502883","19.6731503006012","20.8196232464929","0.151479005684516","0.0396168003918512","0.000403084627958343","0.000290575503774488","27.9917679870266","28.2882371102068","0.00587925921591041","0.00372798346387697","0.457990256469574","0.153949034000048"
"35","LasFlores","0.000185837515735454","0.00147309611017866","0.0153601097454603","0.0118797595190381",NA,"0.000590184105179339","6.92566687685896","12.2182972082557","0.00283328774497454","6.90910500556558","7.16350656505983e-05","0.000376167358446098","0.0805657823357451","4.89839946055909e-05","170.371536014434","0.0034308573056602","7.86081964526045e-05","0.000442608042127217","0.000156577581910605","3.71996392785569","1.54473346693384","0.0228817386254897","0.0626822538427246","0.000694580958911027","0.000638462582356705","0.000815583097438414","0.00099446972838704","0.00105196718648436","0.00115329428427812","0.000179414552359197","0.000337983986330997","0.00219754641762581","0.00190806716548311","0.295612288362434","0.553983701372358","19.3290741482968","22.1815591182365","0.343946780761557","0.0673931745337005","0.000332757187022676","0.000270705665863619","45.9253762578778","33.9331208795182","0.0027693311797494","0.00193367699880045","0.208991723352343","0.201242489700461"
"36","Lefipan","0.000235681880576653","0.0025762355652502","0.0228760606231168","0.101386773547094",NA,"0.000519505387631943","3.29392388780204","13.7117512607028","0.00240217397263138","7.98962471038285","5.29583248584142e-05","0.000545368511178616","0.142212619252963","6.70522193340869e-05","388.879333685848","0.00493778928724502","0.000110302978069336","0.00121375921560662","0.000181406466461905","4.60621643286569","6.53757114228461","0.0518973340156577","0.064500937239369","0.000755136898413257","0.000865484400825194","0.00121764442443345","0.00072928621569601","0.00108090341044417","0.00103947770787761","0.00024794608474146","0.000299760143363354","0.00241329853519074","0.0022409882949452","0.669731041099256","0.490761365887834","34.4606773547095","39.5349258517036","0.194256641928691","0.139206821417619","0.000448812722486888","0.000352171070068392","54.983637221486","78.992983950205","0.00417820363026784","0.00308735257537896","0.494649713962692","0.271842584920619"
"37","LurdLeaves_BH","0.00158989657874906","0.00813103844039722","0.0164992132418849","0.236777555110221",NA,"0.00381691335708649","26.065574695776","67.696304510613","0.0165551587004763","42.8163170672325","0.00249401184283008","0.00367809027668723","0.170230655865912","0.000398268430351128","84.3091520011672","0.0227520281036677","0.000551789062409362","0.00236223474465869","0.00275762305375066","5.95300601202405","1.15621242484969","0.0291054102687314","0.173327554592577","0.00592071508335441","0.00280434206503686","0.0166290320776236","0.00933410374288822","0.00456259013014782","0.0113509088823177","0.00130517427675074","0.00317917727895351","0.00731773816538453","0.0167254820718536","0.404557357684253","0.985005829232492","6.71743486973948","7.14380360721443","0.650888533678963","0.0617456914988549","0.00148974557815538","0.000744922752753343","24.6102551855282","25.1227887514505","0.0182635477660437","0.0174506732937507","0.272593691686592","0.584524065667538"
"38","LutensHadrosaur","0.000249709102083837","0.00359682557913542","0.0035070534138832","0.384064128256513",NA,"0.0011120283085293","6.61875086098866","12.0465035693942","0.00424402340475009","6.97327959982684","0.000854316342696364","0.000749792785336171","0.0503732545184028","6.49614957339096e-05","19.8901220123367","0.0058521256358177","0.000140622728107353","0.000950730821122915","0.000703399268499105","2.13612825651306","2.06515430861724","0.00470513691953014","0.0329465505212517","0.00104796673891096","0.000645773634808777","0.00305970405950059","0.00173653198327577","0.000743451681328433","0.00184970342283019","0.000257179727968218","0.000302267462279867","0.00156252728623217","0.00477553647527263","0.155383838393386","0.371683422747735","8.2511382765531","6.58815230460924","0.113389843220541","0.0161837296049702","0.000513345314502175","0.00025252820558992","24.0698663387826","33.0352151642315","0.00489354189490419","0.00405393905095583","0.077408828306092","0.179597296203547"
"39","LV3 Dominguez 2018","0.00172730070565738","0.00289114163045801","0.00542521495740831","0.187811623246493",NA,"0.00337390782699186","4.00429136564996","21.0467878384786","0.00458108703235642","16.5103841804743","0.00101263432918143","0.00185914024029938","0.0218018993692897","0.000166668874030913","1.23309955786867","0.00194585550111414","0.000339892023584458","0.000355502489687163","0.000304310070421089","1.42845691382763","0.7607374749499","0.0145382375531049","0.164749180083518","0.00266983380365384","0.00136862179133904","0.00566803514186625","0.00412281007119476","0.0027173824552818","0.00218390062686016","0.00163795743068524","0.000299317011310955","0.00255875373112087","0.0055650724654441","0.0152253011649044","0.519493262716591","2.4986132264529","2.06853306613226","0.531112609117985","0.0408122122458318","0.00114562087495296","0.000434550901346854","84.1969310091118","17.7822515565719","0.000875682754101381","0.00133187683909792","0.00448554242986487","0.088633490437486"
"40","Markam Basin MK-1","0.000294639127487248","0.00291854388407263","0.00520988939993213","0.196793587174349",NA,"0.000889563375237598","7.35614123629112","17.7509648699714","0.00432064184174542","9.89752199750159","0.000614657036902323","0.00144161147932674","0.0428761533808475","8.50346071963108e-05","17.9379602041497","0.00649884013686923","0.000165896729221416","0.00081251062134285","0.000501083162662963","1.36953507014028","1.60370340681364","0.0141392541224726","0.0146038328813308","0.0011833100983654","0.00113777852010241","0.00293872388034523","0.00320312257475378","0.00223057501687776","0.00163606902012302","0.000399806821631262","0.000406683178864832","0.00292692692705582","0.00310545589342375","0.193981531932895","0.276687225315967","5.55133867735468","6.01626853707412","0.0491246911624075","0.0597500974608054","0.000445130223566876","0.000441701585467075","17.4844733266573","16.2996685513354","0.00447430025603338","0.00408510478187118","0.0937861012180675","0.124490396584473"
"41","Markam Basin MK-3","0.000823479678459485","0.00978747961225038","0.0154880045956907","0.105811623246493",NA,"0.00208851627309867","3.91506717516315","36.4097902992174","0.00407090281243268","24.2771484118302","0.00426217945339845","0.00842925188552344","0.0990458650163685","0.000125282084579523","17.5460784556194","0.019834703959151","0.000420769019667855","0.00109643112624104","0.0010939350391831","4.96889378757516","5.34629258517035","0.0176655179040776","0.0746284276667762","0.00360337260594812","0.00303472040815536","0.0156973393697245","0.00895493571787956","0.00601961755109466","0.0117513146308915","0.00227060326815977","0.000829481300203764","0.00569372911740654","0.0134292905857251","1.08514980698909","3.09520955862212","12.1863887775551","11.4320280561122","0.183514304547049","0.0443407461759953","0.00150730113360098","0.000649696641717187","193.820980427391","164.831116851643","0.0126408284535981","0.00958630131339568","0.100752012828105","0.395309591336558"
"42","Menat","0.000127561779792748","0.00372670986073081","0.00672463419480706","1.14938276553106",NA,"0.000216976316325045","2.89368856726864","16.2206370149099","0.0047778161961399","4.58583612074252","0.000699760561300207","0.00128676178586947","0.324346100245106","0.000111022003574935","2245.33960243719","0.0097477840056914","0.000132605649752348","0.00240818978103291","0.00134064511510328","5.65775951903809","10.3826212424849","0.00928213985813791","0.00856660078295476","0.0010475353822425","0.000651872834459609","0.00294137955930057","0.00468009832979643","0.000990578481478025","0.00142645453566831","7.28116776623642e-05","0.000256934843314957","0.00268415980865789","0.00339287631401935","1.45210993467369","0.261416528331221","20.490881763527","19.9189218436874","0.0262539651346369","0.043289289593213","0.000372987661123062","0.000488794703372805","19.5185954957829","26.3032291227166","0.0138657116603498","0.00847936457862666","1.34921269865325","0.207176004944777"
"43","Messel","0.000170376759988885","0.00430708699710264","0.00772537938834734","3.49412424849699",NA,"0.000191614391650238","8.18066740911654","11.7436770156351","NaN","3.67912071668103","0.00150254115927967","0.00162977759363269","0.200327591479428","0.000109813781924734","708.085139919683","0.0177788511443007","0.000263594413869505","0.00559872198537467","0.00268394981929954","13.4314388777554","7.03565531062122","0.00362776285702974","0.0135527443527672","0.00157270495703151","0.000794673201653025","0.010292605304399","0.00374966582650728","0.000727826609274383","0.00187381322458316","0.000130875101113911","0.000166805527080825","0.00173314135921607","0.00406546970829234","0.334471423641642","0.5875674193004","27.5752464929859","27.0206452905812","0.0713941762367263","0.0143531542027598","0.000658453977902462","0.000340921424588759","49.3892330702768","41.9348539833828","0.013351904086346","0.0167823123224216","0.315215898228697","0.541505304790676"
"44","MexicanHat","0.00204339530350669","0.00423097574428629","0.0219088190607201","0.0806853707414829",NA,"0.0032679008246303","18.1318625562955","35.9621689638542","0.00893488677272877","29.8335122065801","0.00101942766110135","0.0035386226811213","0.171333330595727","0.000242020549441794","26.7779645812355","0.0159262571263942","0.000592403293662806","0.00179604410372858","0.00138423647229118","3.91878156312627","1.38371142284569","0.0286752788740885","0.564203485482408","0.00482979229509268","0.00322873696607436","0.00629360603582353","0.00597901617232841","0.00716246371415289","0.00837353971789913","0.00134545559639487","0.00204707116360111","0.00586936537493462","0.00968924843990933","0.126611921251784","2.0483749721957","10.6640921843687","10.4170100200401","2.8537884236819","0.0857454412142194","0.00171034263891539","0.00067022186484905","98.3208051841577","91.7327439867208","0.00936315313851561","0.00712338168463492","0.0800698351730104","0.677692077379635"
"45","Mókollsdalur","0.00048403736119076","0.00226209176425743","0.00249113285121119","0.0901803607214429",NA,"0.00299834191105159","0.858839520773406","17.7906109469272","0.00211000500641393","14.6697638667453","0.000617108789910637","0.00136883601418284","0.0344429313019813","7.23544699192148e-05","3.4408615241176","0.00365294289727381","0.00014937645481658","0.000758554471898659","0.000594281513630422","1.08240080160318","0.513811623246493","0.00917177780244659","0.030162239770545","0.00113787948032888","0.00089295012064836","0.00595294893143927","0.000781896689210061","0.000848171610192833","0.00408790251999508","0.00114531250925721","0.000565655845221147","0.00161247426397949","0.00570039526521403","0.141834167287708","0.611440901309236","1.22871342685371","1.37625651302605","0.0896627083957328","0.0332307698740045","0.000674114545638887","0.000524342000307719","17.2229294421423","12.0695980880717","0.00199435139887372","0.00355386426491771","0.0235820926810449","0.139017845515352"
"46","Most_DSH","0.000163054004362956","0.00424066811386689","0.00917259653652843","1.82965931863727",NA,"0.000200815147850769","4.42769811274286","17.3817188256198","0.00595984373390043","4.95137497682444","0.000707462647773766","0.00177231848217581","0.455063488003412","0.000165190668613781","7416.21879519951","0.0101096564765517","0.000167756871538966","0.00109160131823065","0.00150657107283886","7.59376352705411","10.2946052104209","0.010943586789974","0.00956403895785794","0.00127924998157185","0.000528997755810958","0.00415048899438009","0.0084735099173835","0.000455722029560024","0.00134978474694824","4.79104869694559e-05","0.000407199615656992","0.00196832414838674","0.00316705913854314","1.68539539295511","0.115584471094328","23.7432304609218","32.2349458917836","0.0289125164064347","0.0531865259038801","0.000402681454122109","0.000549109861208558","22.3339300567479","30.6785796137815","0.0177543600666254","0.00870415831921909","1.75270696487816","0.119755159643018"
"47","Most_LCH","0.000509843522598647","0.00822678429824786","0.00956216750528288","1.0607254509018",NA,"0.000555876385537865","13.390555035733","38.5316462757589","NaN","12.9087224701098","0.00207558929942589","0.00274498727254003","0.203999393684443","0.000260296760634606","382.952298442018","0.0187051473806756","0.000294875155455332","0.00203627745735341","0.00305054233075991","6.24707014028056","4.71350300601202","0.0144088462862122","0.025390328398339","0.00229640134345154","0.00137705256333911","0.00741896109186896","0.00848343469812731","0.00110228142751081","0.0039060462533674","0.000251728224187926","0.00091538841546145","0.00380734997991537","0.00915855303420077","0.821924859362393","0.210295617141586","11.1481963927856","13.4261482965932","0.0658800808721968","0.0448567249985132","0.000717076661604899","0.000634007773262549","19.421790451752","21.6980752553019","0.0173624941405555","0.0147001340774202","0.604141954179044","0.193022431807583"
"48","Mush","0.000574083894738756","0.00712277141050064","0.0133677126051528","0.473346693386774",NA,"0.000929033621383153","8.76969871982988","44.6322967661696","0.0088560496154594","30.5278263377117","0.00194428203951813","0.00506133797012955","0.2163597659779","0.000242902725751886","50.0285787780499","0.0218818038477062","0.000456074256291544","0.00272309594709316","0.00154584054300587","4.27336272545089","5.36200000000001","0.0237128367582198","0.0392643011484004","0.00176711378571068","0.00425356144484272","0.0113219869874844","0.00837927320546124","0.00877015281188695","0.00172684273851177","0.00141682862522424","0.000328688933953271","0.00924276223105691","0.00486071606094028","0.24121449626768","1.87952088928754","16.6427695390782","15.63050501002","0.123554433782043","0.0649966124514994","0.000971225420403391","0.000618096553666477","107.224359770191","74.9197330535865","0.0130435020934706","0.0132029341518801","0.131077149669427","0.872607570042847"
"49","Palacio_1","0.0007646763030753","0.00285171452947866","0.0267107434943611","0.0949539078156312",NA,"0.00296620845122678","9.11524058979078","22.7497098446751","0.0051544046042427","16.8196772630441","0.000113009761557491","0.000821972128542078","0.0716057967946542","0.000136601491282095","51.9888440558112","0.0048781648052966","0.00022579633951271","0.001283073399446","0.0002508437114452","3.48830060120243","1.80658917835674","0.0715743389974269","0.161612907235117","0.00138489225434161","0.00140137755722391","0.00122806595965028","0.00163555209977318","0.00215460765978801","0.00202992220014127","0.000673706510680073","0.000719749443984056","0.00312951107783637","0.00398265990085051","0.231044453404085","0.59791866108002","15.3382925851704","16.2052745490981","0.666719809144453","0.209983846167263","0.00067923374723432","0.00050587531810554","55.4136698515171","102.46402569352","0.00416668822414342","0.00229162006997719","0.15603437219707","0.214805452983362"
"50","Palacio_2","0.000597986152548521","0.00250018663713442","0.0294799281114256","0.00399198396793591",NA,"0.00133856711104209","5.74123398156186","13.9949646582388","0.00193914674491179","9.45090608730145","9.4842725074387e-05","0.000721770726162992","0.0990235308879833","9.3177184940434e-05","71.3282920009184","0.00617836123037231","0.000192458388272576","0.000967361374488084","0.000178164827848974","3.87456513026051","3.29274148296595","0.0546035964322858","0.227344962871634","0.00157561657676873","0.00107931235916473","0.00094082384457007","0.00101464068978942","0.00138142938192092","0.00218864425409291","0.000413433418942185","0.000761404556190613","0.00203701160659154","0.002970811504781","0.3211108546503","0.648067710315281","21.875250501002","24.3498637274548","0.805512624806414","0.170240094189215","0.00068776798976402","0.000380126481858983","92.0224007932704","154.600008040835","0.00507730733422937","0.00172532812012251","0.227575850471203","0.195549351130911"
"51","PersitesParadise","0.00174459798199866","0.00664421215567737","0.0122465664580526","0.021559118236473",NA,"0.00439189302941356","11.3673716917273","53.5955577987481","0.00698497406480755","36.0764262093253","0.00383395966097398","0.00539224450037321","0.0773163560371871","0.000208254798621111","4.54342773875557","0.0121347363973015","0.000473306845256371","0.000864465014731313","0.00107593871278167","3.73715030060121","0.983967935871743","0.0207776676777587","0.214361844906744","0.00632180795258591","0.00281828913211782","0.0214439648685474","0.00731927596980581","0.00949733482901617","0.0139934232495535","0.00290118309199298","0.00426404056347908","0.00894048057396823","0.012961674024205","0.332703982440523","2.37657075457055","4.91278156312625","3.82272945891783","0.776332089002468","0.05378325798166","0.00187257502217166","0.000812975190675315","128.198993050195","148.585515634538","0.00694885252334688","0.00729936926035487","0.0496084542508029","0.319739128357943"
"52","PN_BH","0.00128236844198724","0.00270875099635818","0.0130640298427693","0.305186372745491",NA,"0.00389059171047397","8.67721305078264","27.0585990549193","0.0060966654732695","25.430261644228","0.00222877646787693","0.00103404006690364","0.0599757343753155","0.00011886212581019","5.59707981425615","0.00758687495728011","0.000305928972616487","0.000589242307763404","0.00124314524516943","3.39951503006014","0.967759519038069","0.0122096981389084","0.247251462549686","0.00380786332671215","0.00223765189536082","0.0124323958554916","0.00690684681631036","0.00590384883499933","0.00421164835303542","0.00149210676944893","0.00146060928347825","0.00551013697410375","0.00959316161225068","0.102504273811648","2.12563788388675","7.70270140280561","7.49458917835672","0.928488564040003","0.039981773865465","0.00154295080816856","0.000555264945505744","118.371356829844","74.6815346550525","0.00448088794459107","0.00374507907738421","0.0198280317528837","0.237761311437193"
"53","Profen","0.0015465279602372","0.0105179028697222","0.0151050199714838","1.48824048096192",NA,"0.00269715686030093","37.0704618756235","83.311955439698","NaN","32.1660624082842","NaN","0.00874950045339057","0.394629191451289","0.000889225780477125","187221508027849408","0.0397024916274532","0.000769650039411023","0.00203871301220156","0.0116551814878002","4.66973947895791","3.16268937875752","0.0271578112074226","0.0393442101309462","0.0031562767282794","0.00747955220280064","NaN","NaN","0.00989932991057699","0.00268959937896857","0.00334743174053137","0.00087607098818566","0.0162687894123527","0.0100071749501254","0.138074565043627","1.51445518249244","8.15286172344689","7.43202805611223","0.161699638481329","0.043810596094313","0.00154366635271275","0.000927806980981613","16.160100119839","14.2524199837722","0.0278591261121614","0.0595970290231478","0.170968292488899","1.42857556209036"
"54","PyramidButte","0.00116921963748912","0.00619794226847152","0.0218066024037169","0.22388376753507",NA,"0.00269705874380122","13.6849889993886","46.4058561332515","0.0109284089236029","29.679103239044","0.00175863300632861","0.00534984704772512","0.0972838255011722","0.00020832689652791","29.6938954006681","0.0220194641668091","0.000660163773295733","0.00152084226447344","0.0013970314186035","1.55691783567135","2.26803607214429","0.045336709074437","0.0809590353884432","0.00283191584050522","0.00304268519437267","0.0153122562626832","0.01230352236167","0.00680575647697355","0.00285802070696675","0.00144420545793678","0.00105006979430128","0.00777572675053064","0.00651784768192574","0.221486611827973","0.623208432529938","6.24455310621244","5.55905410821642","0.242200946127258","0.134636266946339","0.00119472276698967","0.000818053436356383","40.749855842571","66.6039100236209","0.0120356445101382","0.0101185769427613","0.143765160818882","0.247904274331779"
"55","Quegstein","8.49104665588893e-05","0.00097719105734272","0.000466230495403661","0.0558557114228458",NA,"0.000404036820452562","1.14240315915241","5.30579514750783","0.00138217125535105","3.83543440965898","0.00126419772207076","0.00136653117778237","0.00593044361280618","2.88367823975033e-05","1.00029292544738","0.000941040057050359","3.35917989999158e-05","0.000110445709336142","0.000427423994749117","0.283703406813626","0.258821643286577","0.00334578368450117","0.000804936279051216","0.000126667498265621","0.000403611472538735","0.000378382592625904","0.000205584618366775","0.000659562635921968","0.000430600535471494","0.000331710713227646","0.000164942810530632","0.00127220365296275","0.000486027686975377","0.0358447813502775","0.0986683953196333","0.222444889779559","0.20763126252505","0.00688673545245801","0.0220917009084049","0.000175422816110136","0.000294423333646401","1.04556078069719","1.26065449113386","0.000827353928759899","0.0017226249878979","0.010879379886842","0.034798163801827"
"56","Renardodden","0.000223161252576964","0.00319746361771171","0.00308405289433426","0.175951903807615",NA,"0.00115179483884245","4.01322980728918","12.4891594591836","0.00371310461044958","7.85589323113094","0.00115151913720506","0.00173781948415909","0.0343801680859021","7.57983299976978e-05","16.0638024949383","0.00575089026473896","0.000156194711101574","0.00121489744900974","0.000906894797334294","1.70652905811624","1.12118637274548","0.00741626251999116","0.00812438074061009","0.000735931363793358","0.00106617520204091","0.00339905529902446","0.00298101656813473","0.0018626431334294","0.00109207959281134","0.000292902719648787","0.000283279925194759","0.0026408519200198","0.00238563389028215","0.125046400968228","0.211688056931674","3.86133867735469","2.82242885771545","0.0364397592890439","0.0283161417189449","0.000373012352579331","0.00039870262584455","7.29316110866595","10.307810643972","0.00450247934607151","0.00462554563031146","0.0767508111099863","0.109300068057083"
"57","Republic","0.000310253593743912","0.00353526234572576","0.0192122551017294","0.205755511022044",NA,"0.000343648562283069","5.94851680455726","19.4056747214167","0.00391295001253235","13.3892298798493","0.000245689521687157","0.0020548918619109","0.11480403111484","7.96117618780754e-05","94.3626770925202","0.0149409342399789","0.000279162628143404","0.000709703436147529","0.000382106774856949","3.87552705410817","6.23100601202404","0.0277777127095445","0.0596126977005731","0.00127523390378685","0.00189084419772113","0.00268160074956406","0.00266729827959587","0.00376953083026967","0.00156498074739132","0.000269443426644262","0.000576837027399229","0.00379823530555507","0.00332790072558177","0.725497457969205","0.560388761406199","28.0699438877756","31.7555751503006","0.173515972132758","0.0781867000526186","0.000510569318328135","0.000437364417313414","235.055956762004","132.68084885314","0.0116835665174077","0.00303259630618049","0.374686881078179","0.185262117810757"
"58","Rott","0.000281168071193733","0.00649203272228272","0.0104944298267005","2.01781162324649",NA,"0.000417288901160013","9.74264254017759","26.9123831661396","NaN","8.87400197100918","0.00146563301715325","0.00271103597850229","0.347393024902071","0.000246521139525921","5099.91954997942","0.0173624560595494","0.000229805735124715","0.00197498362338641","0.00269568932654754","8.53679759519037","7.66282565130261","0.00744120713915868","0.0165860773235125","0.00254030580331139","0.000704410555181884","0.00608788227431275","0.00911257705961946","0.000514806332776972","0.00340476404425702","0.000100094770724315","0.000691232752894257","0.00198885690233893","0.00680598846599593","1.33261565662574","0.142717200706164","18.7680120240481","23.3203166332665","0.0509955008719562","0.0403727635556486","0.000653875232174044","0.000586187688682998","19.2201212145608","23.0878827126061","0.0222177062125296","0.0155610043488433","1.25524985525067","0.175153188610083"
"59","SkeletonCoast_BH","0.00287899636735201","0.0036716117726687","0.0183428892208897","0.0547454909819639",NA,"0.00631516784135153","17.6028477635899","38.3859788768482","0.0150811668603827","33.2287853298959","0.00162100045526003","0.00168044597236319","0.0599043218892535","0.000287532909354027","4.93831516058568","0.00993336394115291","0.000646484461974738","0.000956722155601045","0.00111279139209755","1.94733066132263","0.472480961923848","0.031235772102753","0.641205085545262","0.00680906968084176","0.00219490673760123","0.00490484202794586","0.00770400864296446","0.00526932263799536","0.0146992372042397","0.00239780399684101","0.00434536172016257","0.00686768155317677","0.0112031090637133","0.10265229304454","1.32049339873651","4.41481362725451","3.58879358717435","2.74089317348334","0.103423177280113","0.00141723307836946","0.000732426607809539","93.2921817617207","65.7639771476687","0.00615450387315578","0.00443135236261098","0.0526204747781379","0.181001202341504"
"60","SomebodysGarden","0.000525730537184573","0.00631787953361239","0.0134059438914254","0.306276553106212",NA,"0.00105288146332125","7.64934087258737","35.0068074211586","0.00651218465347757","17.778795082298","0.000925511401938668","0.00163365947989587","0.130405326813845","0.000134068205218327","27.5139480991847","0.0143682053053973","0.000343872964217742","0.00144015801533905","0.00162481595894731","4.59140681362724","3.96174749499","0.0262369577213479","0.0431451308067058","0.001851715264135","0.00164393139133005","0.00773766694085783","0.00623613848159413","0.00194496675518597","0.00446541808392205","0.000483120811699726","0.000810803383722274","0.00568544743310149","0.00676142537521759","0.674235199778968","0.75231679055112","9.34133867735473","10.4306372745491","0.147596587109327","0.0673782438642267","0.000802869728617824","0.000637968991356902","104.457168716148","107.500132527833","0.0109312147408722","0.00791813238238173","0.320116095410354","0.193895714002286"
"61","Sourdough","0.00078827081178689","0.00474962537690179","0.0140027740458896","0.160685370741483",NA,"0.00161521229835294","6.23065936278993","39.7290598198241","0.00663672461113146","30.78670465589","0.00110149379620393","0.00307846910257863","0.0869012302337944","0.00016334375320784","16.8963971533666","0.00982573449486616","0.000345783151636409","0.0017546867909146","0.000883620479787871","3.06932264529059","1.34208817635272","0.0301901980931291","0.0812525873948084","0.00262098842362328","0.0027047098007895","0.00759204303936488","0.00508327764900385","0.0102905491993317","0.00463053081177661","0.000947137117303468","0.00171173920115682","0.00880968549789291","0.00669241597191143","0.532223953098311","1.13692611845414","5.61516633266533","5.69193987975953","0.254340665687945","0.0726931656717815","0.000918737408224211","0.000673392439788491","71.1639691265673","41.9368382436877","0.00873853776443503","0.00630811328334333","0.19156187354516","0.286569430184188"
"62","Willershausen","9.34096962817407e-05","0.00281632832023137","0.00959856631168017","1.97759919839679",NA,"0.00012438072510779","2.40333491913484","8.17956488502069","0.00373639383507547","2.96807140548959","0.000176128332964847","0.000978236402573265","0.320752408468638","5.73039994136916e-05","3771.31101402393","0.00624740234315631","0.000110438013192944","0.00121220214021151","0.000564295600057036","7.73105811623248","19.6967695390783","0.0193327851140183","0.00536802940761124","0.000389057902365319","0.000615999340311589","0.00267608371426929","0.0037327974017047","0.000694728908971778","0.000366870933877707","5.62763538981588e-05","8.73682340480151e-05","0.00268008827561267","0.00117966045105865","1.32096416639536","0.221621395179045","45.8983727454913","50.1714268537072","0.0225483881057583","0.0865129414705269","0.000281327653088462","0.000517092514946867","27.1221601399453","47.2884445510476","0.00930435544732207","0.00659383517664352","1.31098324515238","0.212227268208237"
"63","WRI","0.000683767823724896","0.00406322629172889","0.0228968928715844","0.182749498997996",NA,"0.00163741309117993","11.0089656366912","33.2298672558368","0.00670553104465007","19.4875050170118","0.000381269370913465","0.00124891911857484","0.123854568918467","0.000161387380228157","80.3502325545007","0.011062241220558","0.000293317790001406","0.00116721539683249","0.000567797237687611","5.06250901803603","3.48230861723445","0.0409414096263113","0.112469539005699","0.00184960850106692","0.00189120398004555","0.00370420331640144","0.00409455291589628","0.00348060702891064","0.00245251042617897","0.000586557203582546","0.000951410511750469","0.005254312282847","0.00550135363678016","0.457196578764252","0.643952407880145","17.8543326653306","18.2776112224449","0.357838178504959","0.105895700358208","0.000755880661007133","0.00056968538528545","70.9590764380954","60.6817114918674","0.00879441502827982","0.00452056348841527","0.282047521170604","0.294416792170873"
