Number,web,epoch,Latitude,Continent,Age,connectance,web asymmetry,links per species,number of compartments,compartment diversity,cluster coefficient,nestedness,NODF,weighted nestedness,weighted NODF,interaction strength asymmetry,specialisation asymmetry,linkage density,weighted connectance,Fisher alpha,Shannon diversity,interaction evenness,Alatalo interaction evenness,H2,number.of.species.HL,number.of.species.LL,mean.number.of.shared.partners.HL,mean.number.of.shared.partners.LL,cluster.coefficient.HL,cluster.coefficient.LL,weighted.cluster.coefficient.HL,weighted.cluster.coefficient.LL,niche.overlap.HL,niche.overlap.LL,togetherness.HL,togetherness.LL,C.score.HL,C.score.LL,V.ratio.HL,V.ratio.LL,discrepancy.HL,discrepancy.LL,extinction.slope.HL,extinction.slope.LL,robustness.HL,robustness.LL,functional.complementarity.HL,functional.complementarity.LL,partner.diversity.HL,partner.diversity.LL,generality.HL,vulnerability.LL
2,Battleship,Cretaceous,Mid-N,North America,66.1,0.153846154,0.087719298,2.175438596,1,NA,0.076923077,11.33363192,39.74541984,0.579446911,19.56178421,0.017022774,-0.102446956,7.364378733,0.129199627,111.1619591,4.463624096,0.667000634,0.588209962,0.201267151,31,26,0.965591398,1.332307692,0.361842105,0.336587436,0.74958663,0.523760693,0.248268751,0.284225209,0.088680352,0.110782159,0.527653191,0.531301812,5.426647768,5.011638317,53,48,3.220785556,2.35850513,0.746529888,0.695958536,109.7566183,113.2023011,1.737997982,1.879344901,7.407125016,7.321632449
3,Berga,Pliocene,Mid-N,Eurasia,2.8,0.127692308,-0.019607843,1.62745098,2,1.179916291,0.038461538,9.618964809,33.89321212,0.609302976,14.16953535,0.013774986,-0.030285031,5.490388672,0.10765468,78.05274055,4.068592079,0.628162643,0.595314239,0.256753642,25,26,0.67,0.756923077,0.29547817,0.282432432,0.464659819,0.422483854,0.189734071,0.211585521,0.065257937,0.082209073,0.600691441,0.59582735,4.708176101,3.614024005,37,38,2.362129359,1.967788592,0.696974592,0.658170673,90.32929361,90.82139673,1.538911399,1.505021258,5.708359019,5.272418326
4,Bernasso,Pleistocene,Mid-N,Eurasia,2.06,0.161842105,0.355932203,2.084745763,1,NA,0.105263158,9.089054195,41.78265705,0.688972629,18.79712682,0.037155436,-0.151118638,7.169438754,0.121515911,121.3782511,4.500196555,0.678423115,0.581975248,0.25271658,40,19,0.805128205,1.783625731,0.36273783,0.310328638,0.779483901,0.474526448,0.240997735,0.284480688,0.101835664,0.111952862,0.526805282,0.3869068,4.007624965,6.902743142,52,51,3.706426696,2.10846535,0.767725643,0.674292997,116.3616332,100.8967027,1.450886069,2.0940682,5.19246471,9.146412797
5,Bonanza,Eocene,Mid-N,North America,47.3,0.209401709,0.181818182,2.227272727,1,NA,0.111111111,15.50065276,45.44165504,0.560765107,28.16163729,0.038933746,-0.092536352,6.812716077,0.154834456,63.98062594,4.247760493,0.690864828,0.686250159,0.183664396,26,18,1.132307692,1.85620915,0.451867816,0.384615385,0.855762984,0.6379652,0.263142296,0.305458341,0.120835708,0.156590414,0.482988434,0.453748178,4.499416569,4.925318761,29,33,3.708718797,2.573857863,0.769296865,0.711931539,111.1801598,102.9431873,1.702356412,1.932439759,6.217198874,7.408233281
6,Brjanslaekur-Selja Fm,Miocene,High-N,Iceland,12,0.287037037,0.142857143,1.476190476,2,1.369563672,0.166666667,25.45747957,42.02614379,0.337220324,25.11437908,0.046886569,0.036215805,3.668236056,0.174677907,17.94967505,2.919538364,0.623549025,0.61233735,0.242666247,12,9,0.863636364,1.25,0.504685408,0.440763052,0.577467811,0.393042575,0.310728387,0.323839829,0.156060606,0.194444444,0.479924242,0.478860229,2.162995595,2.17721519,10,10,2.870036543,2.006201388,0.736207988,0.661072414,62.15350195,51.96760289,1.166315523,1.273651008,3.410367739,3.926104373
7,CastleRock,Paleocene,Mid-N,North America,64.4,0.126654064,-0.5,2.184782609,3,1.232422502,0.028985507,9.676252276,35.11971381,0.515183403,8.505861367,-0.040499979,0.241496442,11.26646522,0.122461578,412.4793587,5.180806439,0.702996897,0.817254253,0.20461779,23,69,1.383399209,0.803495311,0.302221476,0.205640423,0.529245816,0.853415822,0.084109248,0.219193593,0.043993958,0.109736431,0.724801898,0.566452889,13.68404084,2.199232168,91,92,2.150789583,2.851671628,0.675866807,0.730791586,90.94583223,113.1382229,2.735552502,1.308161487,18.26767873,4.265251707
8,Cerrejon,Paleocene,Low,Tropical South America,58,0.216269841,-0.125,3.40625,1,NA,0.069444444,13.64401612,60.61719042,0.675301618,36.75965688,-0.023153349,0.050488654,11.42253041,0.178477038,133.7095534,4.958952525,0.717054776,0.642786152,0.103404391,28,36,1.968253968,3.157142857,0.624114552,0.346083789,0.932869662,0.860317245,0.216047581,0.553049749,0.063844251,0.300976148,0.52765825,0.179664725,15.90814006,3.803943045,57,60,4.689155278,2.867814346,0.816903937,0.732749703,158.1459201,190.8856256,2.610054777,1.949661934,15.41266559,7.432395231
9,Clarkforkian,Paleocene,Mid-N,North America,57,0.226851852,0.542857143,1.4,1,NA,0.125,16.79284453,40.97478745,0.627377272,25.31222515,0.283179206,-0.48949979,4.851982123,0.138628061,18.62497934,2.917506313,0.542763759,0.514429493,0.270940635,27,8,0.655270655,1.75,0.496354167,0.571141975,0.655630521,0.190486172,0.41214505,0.340530995,0.176816239,0.14484127,0.466820988,0.341893739,1.926289926,6.820408163,17,15,3.945189164,1.436477556,0.776189703,0.587099552,141.8596342,169.2934864,0.583561609,2.027240297,1.876062595,7.82790165
10,CoolPeriod_BH,Eocene,Mid-N,North America,54.2,0.30952381,0.2,2.6,1,NA,0.214285714,20.49460276,54.91451055,0.5099933,29.39227347,0.033898699,-0.110895099,6.236422605,0.178183503,55.15637687,4.097720767,0.720975324,0.620657627,0.219332819,21,14,1.6,2.78021978,0.535406404,0.445812808,0.892410225,0.735838956,0.289666727,0.364878748,0.158600583,0.232167832,0.401995505,0.308195467,3.707317073,3.546528804,29,31,5.622701492,3.212302133,0.831865115,0.7487454,128.8737735,113.7768907,1.62044494,1.879442514,5.660828869,6.81201634
11,DaiyeSpa_BH,Paleocene,Mid-N,North America,56.1,0.320408163,0.428571429,3.204081633,1,NA,0.214285714,10.513342,64.56257981,0.644484449,39.7241818,0.062037342,-0.206541185,8.921498386,0.182071396,70.43097138,4.540959854,0.733074374,0.655151983,0.123376084,35,14,1.885714286,5.703296703,0.675758317,0.492857143,0.965054614,0.812961355,0.332452922,0.578763875,0.170502487,0.288407671,0.320247125,0.132211761,5.551389787,8.938185444,35,36,9.049578835,2.939682635,0.877031393,0.734306481,229.4070546,178.2910448,1.829261085,2.373368107,6.746089864,11.09690691
12,DeadPlatypus_BH,Paleocene,Mid-N,North America,56.5,0.335164835,0.365853659,2.975609756,1,NA,0.230769231,12.06893361,68.89660477,0.721548608,45.12391519,0.066884385,-0.201312842,7.637187729,0.186272871,47.23041082,4.222002048,0.715938933,0.6811271,0.12905147,28,13,1.941798942,4.615384615,0.639472984,0.535405339,0.955375792,0.794934462,0.381669069,0.552349171,0.196397077,0.264957265,0.27072935,0.152134495,4.760131435,7.77688172,26,25,8.253128416,3.169660595,0.868970392,0.746335585,228.5219723,191.5546113,1.713256582,2.194757902,6.004808182,9.269567275
13,DeanStreet,Cretaceous,Mid-N,North America,66.2,0.142530488,-0.123287671,2.561643836,1,NA,0.073170732,6.389718441,45.4300646,0.694421393,24.99874977,0.023225833,-0.017357686,9.238212947,0.126550862,149.363072,4.916843933,0.684863214,0.676331492,0.185038337,32,41,1.431451613,1.274390244,0.348002354,0.332774799,0.690160427,0.737176033,0.241279246,0.278722812,0.089236973,0.102869725,0.482779982,0.47100242,8.657756454,5.736178108,77,74,2.895391572,2.817933101,0.734931169,0.727656405,154.4181746,161.0223871,2.151788644,1.95875384,10.39818902,8.078236872
14,Eckfeld,Eocene,Mid-N,Eurasia,44.3,0.111935683,0.294117647,3.042016807,2,1.08908355,0.071428571,6.163265056,38.41191236,0.617275262,17.85553858,0.01623427,-0.101990861,10.58271198,0.088930353,260.4949675,5.260040756,0.650876323,0.346825071,0.175125454,77,42,0.97949419,2.206736353,0.39648165,0.303416329,0.863366965,0.638619362,0.213057575,0.303415199,0.059877742,0.082606043,0.575785553,0.467993691,8.697428834,11.31171889,161,163,5.164226685,2.530649207,0.814582384,0.710440951,377.9191802,344.4355394,2.012839088,2.37234024,9.006073507,12.15935045
15,ElkCreek_BH,Eocene,Mid-N,North America,55.2,0.523809524,0.806451613,1.419354839,1,NA,0.666666667,9.457556234,55.64304462,0.795122824,37.70778653,0.427394466,-0.427308395,3.717529576,0.119920309,9.7291011,2.155500691,0.486479308,0.385830934,0.298462321,28,3,1.277777778,5.666666667,0.65199398,0.94755724,0,0,0.835154965,0.123750787,0.687830688,0.160493827,0,0,1.117117117,20.25925926,0,0,5.939979541,1.683956368,0.804805866,0.642053571,1044.932141,914.5800963,0.246976044,1.79905738,1.315164284,6.119894867
16,Enspel,Oligocene,Mid-N,Eurasia,24.905,0.153153153,-0.213114754,2.229508197,1,NA,0.081081081,6.977628911,50.31891204,0.711182867,23.59964964,-0.001169488,0.036602994,7.325841382,0.12009576,92.80125634,4.368542744,0.643476348,0.415422908,0.181514352,24,37,1.539855072,1.13963964,0.392460422,0.429476807,0.595328354,0.720242592,0.319384407,0.309924991,0.099411232,0.119448119,0.408750868,0.423109423,9.306409131,5.324452339,49,46,2.476154346,2.84569293,0.705511255,0.724475005,167.5997221,177.2586499,1.964484283,1.73949728,8.13282111,6.518861655
17,FifteenmileCreek_BH,Eocene,Mid-N,North America,52.75,0.188695652,0.369863014,2.97260274,1,NA,0.130434783,6.518799569,58.00702711,0.764338379,39.59218819,0.071079169,-0.195950214,7.659890153,0.104930002,66.85813752,4.126656286,0.585547528,0.469134992,0.113481917,50,23,1.485714286,3.185770751,0.522766798,0.529175758,0.925435691,0.726300739,0.386363311,0.356133489,0.138936302,0.138846661,0.360071437,0.332065908,6.343629344,13.16318786,60,69,5.165886121,2.6680334,0.81696621,0.714610709,739.7289907,762.8431164,1.573202428,2.308042651,5.054496526,10.26528378
18,Firkanten,Paleocene,High-N,Spitsbergen,60.85,0.201680672,0.105263158,1.894736842,1,NA,0.117647059,13.34652324,48.10513667,0.632413224,29.50237142,-0.021757302,-0.055161557,6.164169353,0.162214983,62.69139472,3.984040186,0.677818863,0.690696928,0.156136978,21,17,0.80952381,1.661764706,0.573420479,0.298412698,0.53331178,0.47613832,0.204567763,0.565656921,0.11043956,0.204656863,0.578871591,0.234341688,5.290909091,2.6,29,31,3.211896883,2.319518739,0.751257915,0.694003643,74.18968116,64.05620646,1.812440371,1.50186778,7.565651445,4.762687261
19,HannaBasin_C,Paleocene,Mid-N,North America,57,0.248447205,0.533333333,1.333333333,1,NA,0.142857143,15.80661302,57.85279805,0.810532769,26.56326034,0.179202889,-0.369075895,5.212724918,0.173757497,23.58537482,3.107156589,0.611475956,0.615841375,0.181373947,23,7,0.916996047,1.380952381,0.443537415,0.620703934,0.429624665,0.085634417,0.547673361,0.327661672,0.314888011,0.08015873,0.247584541,0.340625,1.572115385,10.59340659,12,12,2.34599214,1.539836213,0.697581708,0.60373027,59.75501633,56.8062033,0.752003717,2.030888746,2.268763899,8.156685936
20,HannaBasin_E,Eocene,Mid-N,North America,55,0.232323232,0.24137931,1.586206897,1,NA,0.181818182,19.99844626,49.90270147,0.609566337,28.67559524,-0.000463215,-0.035327068,4.561253062,0.157284588,39.55107366,3.382408847,0.639606288,0.491818879,0.189360644,18,11,0.91503268,1.290909091,0.473354232,0.49936143,0.498280036,0.344375278,0.41732479,0.365391755,0.176034858,0.145218418,0.380555556,0.426106848,2.525896414,4.622641509,14,16,3.343191817,1.985712057,0.767670847,0.663370312,63.40059492,61.16989739,1.176183713,1.617210287,3.554133773,5.56837235
21,HazMat,Paleocene,Mid-N,North America,59.4,0.486111111,0.636363636,1.590909091,1,NA,0.5,7.485170422,71.64570231,0.91080336,58.74213836,0.309970183,-0.390610088,4.88522154,0.222055525,9.304146923,2.603999112,0.608885295,0.540986264,0.147421264,18,4,1.352941176,4.166666667,0.693734015,0.921426542,0.98097503,0.188577377,0.906666641,0.65571064,0.43627451,0.211309524,0.029166667,0.113888889,1.685082873,10.38181818,3,2,7.792636885,2.063155696,0.876138424,0.684444444,305.7652813,288.1628414,0.420269085,2.08504928,1.612000116,8.158442964
22,Hindon,Miocene,Mid-S,New Zealand,18.8,0.181623932,0.529411765,3.333333333,1,NA,0.104166667,10.51672039,54.8145949,0.788742592,43.83999855,0.054070983,-0.094095625,13.46412677,0.132001243,150.0816715,4.884715245,0.648290526,0.404065623,0.086583281,78,24,1.898101898,3.894927536,0.44682356,0.665627968,0.93645924,0.704640953,0.692764028,0.320966811,0.202612203,0.093595461,0.193566816,0.42950956,5.319350474,29.30511464,88,97,5.352152187,3.553449764,0.812321511,0.776561348,404.8017912,461.3198752,1.592742182,3.017578117,5.106064364,21.82218918
23,HubbleBubble_BH,Eocene,Mid-N,North America,56,0.269138756,0.266666667,3.75,1,NA,0.181818182,8.510617156,66.38525419,0.740590299,43.02847238,0.058657635,-0.240847178,9.029503413,0.150491724,83.01805137,4.596308897,0.683097428,0.534892668,0.124153091,38,22,2.361308677,4.467532468,0.591962544,0.499119042,0.953297522,0.856922002,0.318410296,0.43687064,0.172448656,0.215766689,0.30332023,0.207628217,7.264135864,10.28372792,53,55,6.58405363,3.542668723,0.836163955,0.764115772,427.1056747,440.7439865,1.900432691,2.369570683,7.068950726,10.9900561
28,KevinsJerky,Paleocene,Mid-N,North America,59.4,0.613333333,0.785714286,1.642857143,1,NA,0.666666667,20.38477108,63.52218555,0.524557955,47.00220022,0.350827896,-0.450535697,5.453859123,0.194780683,12.07388521,3.011165268,0.697434524,0.552447163,0.211430059,25,3,1.236666667,9,0.836772983,0.738311445,1,0.261126233,0.630997974,0.664270278,0.28,0.195767196,0.286549708,0.443137255,1.060773481,6.526315789,6,5,21.84000123,2.235045446,0.952344484,0.6543,383.0077555,293.810789,0.64544732,2.17791171,2.031126169,8.876592077
29,KisingerLakes,Eocene,Mid-N,North America,49.125,0.134408602,0.265306122,1.530612245,1,NA,0.055555556,7.853077293,38.69548467,0.626575799,15.80443828,0.11562344,-0.162702205,6.678630954,0.136298591,103.7842001,4.196126943,0.663486524,0.873824598,0.214124118,31,18,0.664516129,0.843137255,0.26969697,0.32228739,0.552679415,0.288095238,0.254143272,0.17414875,0.105264628,0.068398119,0.52470832,0.574948742,2.878676471,6.734513274,32,30,2.156772099,1.697760532,0.678624155,0.627295852,53.09726054,52.35028845,1.220288271,1.956380108,4.361272069,8.995989838
30,LagunaHunco13,Eocene,Mid-S,Patagonia,51.47,0.125668449,-0.128205128,2.41025641,2,1.126648083,0.068181818,5.005093633,45.04774402,0.639086205,25.43947351,0.007756433,0.004780924,9.128522717,0.117032343,138.8032094,4.742804261,0.648761606,0.508967593,0.135044374,34,44,1.363636364,1.171247357,0.344896332,0.389724311,0.725902295,0.716636506,0.324990474,0.23529419,0.076917694,0.09269858,0.480103895,0.507170532,9.925545571,6.858895706,71,68,2.435156916,2.804221605,0.70267666,0.726938985,141.5790218,186.670043,2.068949829,2.048014512,9.172721388,9.084324046
31,LagunaHunco2,Eocene,Mid-S,Patagonia,51.77,0.126361656,-0.172413793,2.666666667,1,NA,0.058823529,11.08726848,35.41973231,0.551234184,17.04535871,-0.012180413,0.058721355,10.40657629,0.119615819,294.4224532,5.249848769,0.698550641,0.756528578,0.156950755,36,51,1.211111111,1.199215686,0.318502472,0.252832861,0.71763045,0.761271887,0.158452596,0.235672682,0.056050363,0.09258533,0.631817455,0.550149307,9.799211404,4.195036291,100,99,3.104503882,3.258765626,0.746475016,0.753033589,128.9583703,144.2663333,2.383163068,1.882311875,13.1909104,7.622242169
32,LagunaHunco4,Eocene,Mid-S,Patagonia,51.91,0.133082707,-0.04109589,2.424657534,1,NA,0.052631579,7.582211913,42.68812767,0.655761498,17.41867609,-0.006007653,0.031559404,9.158965912,0.125465286,183.4395841,4.903756293,0.6817463,0.712407704,0.159501948,35,38,1.023529412,1.455192034,0.375750618,0.265771812,0.726798755,0.695447057,0.161588782,0.288662745,0.058193277,0.119574999,0.597357945,0.436205295,9.6825,4.81479014,67,74,3.026736176,2.180820314,0.744870117,0.682563362,111.5052244,127.2893727,2.20482191,1.865558227,10.918871,7.399060827
33,LagunaHunco6,Eocene,Mid-S,Patagonia,51.25,0.159179688,0,2.546875,1,NA,0.0625,12.7350593,43.63162012,0.54045935,21.84644363,-0.006860577,-0.01016595,9.32690235,0.145732849,161.1101849,4.847727683,0.699379269,0.723364491,0.119277882,32,32,1.147177419,1.790322581,0.426307624,0.288453014,0.802070166,0.763265227,0.165988075,0.304131464,0.068611391,0.14706673,0.60496992,0.424496479,9.062324393,4.59658224,55,55,3.620372722,2.443805839,0.767626743,0.704721744,109.5518088,109.003067,2.219318184,1.951661697,10.90858683,7.745217874
34,LasFlores,Paleocene,Mid-S,Patagonia,62.37,0.217307692,0.212121212,3.424242424,1,NA,0.115384615,10.65395737,55.10396931,0.686997169,31.4343877,0.009255836,-0.065316235,10.22555191,0.154932605,145.295905,4.976347,0.716332834,0.632565818,0.142317956,40,26,1.692307692,3.584615385,0.538744865,0.3856814,0.930687848,0.788628219,0.261909993,0.430291207,0.107677135,0.204838462,0.429689431,0.270065698,8.287010042,7.060240964,68,73,6.506350181,2.871879987,0.845628326,0.727794937,204.9362892,180.3335061,2.167117544,2.281152166,9.871541965,10.57956186
35,Lefipan,Cretaceous,Mid-S,Patagonia,66.5,0.180102041,-0.101123596,3.966292135,1,NA,0.091836735,6.487365892,59.9491517,0.764215021,38.04844809,-0.005017739,0.018930847,12.97409172,0.145776311,195.9899938,5.354765222,0.706368198,0.591916892,0.094005041,40,49,2.933333333,2.526360544,0.441998394,0.445761857,0.875451759,0.927249889,0.304453895,0.357993429,0.130834642,0.140414541,0.392546226,0.303286965,13.8386465,10.62643156,96,100,3.752262413,4.507976848,0.772827917,0.803065061,270.8725412,302.9229421,2.515526049,2.435950698,13.50588833,12.44229512
36,LurdLeaves_BH,Paleocene,Mid-N,North America,58,0.272727273,0.421052632,2.131578947,1,NA,0.181818182,15.06594253,54.18719212,0.656111135,34.30917194,0.099770061,-0.245419744,6.181290096,0.162665529,37.65193194,3.825526897,0.67188389,0.616182161,0.149437454,27,11,1.082621083,3.090909091,0.644945963,0.450919451,0.899679967,0.572409719,0.345878859,0.591688956,0.155555556,0.225574426,0.410335549,0.238942858,3.570579495,5.723404255,23,21,5.678400122,2.431741832,0.832053162,0.700183851,131.1647034,120.4233212,1.473354042,1.987039021,4.81280397,7.549776222
37,LutensHadrosaur,Cretaceous,Mid-N,North America,66.8,0.158653846,0.238095238,1.571428571,1,NA,0.125,12.36768939,41.79588015,0.658837996,24.70786517,0.134019888,-0.275546834,5.631109335,0.134074032,39.61362849,3.747343005,0.621379303,0.673778717,0.249516576,26,16,0.738461538,1.008333333,0.343014706,0.402036199,0.600968617,0.316823167,0.289962596,0.251706631,0.113846154,0.088412229,0.488747914,0.528058226,3.121367521,5.855614973,30,28,2.400849704,1.797590872,0.701050023,0.643732811,88.89849722,89.73878668,1.189397944,1.898565825,3.931768652,7.330450018
38,LV3 Dominguez 2018,Oligocene,Mid-N,Eurasia,25.4,0.26875,0.428571429,1.535714286,2,1.293457209,0.25,15.38627182,57.21426891,0.65031061,39.82256276,0.229796768,-0.335105799,5.344011195,0.190857543,14.87437194,3.09442444,0.609717923,0.688143509,0.124609704,20,8,1.168421053,1.285714286,0.375,0.691501976,0.644071146,0.320466885,0.590326904,0.17168877,0.343092105,0.067896389,0.246345029,0.568158032,1.209115282,8.938864629,9,9,2.466843981,1.946383735,0.701388633,0.65658644,150.4609185,115.6174734,0.831827356,2.081302643,2.336513279,8.351509112
39,Markam Basin MK-1,Oligocene,Mid-N,Eurasia,33.4,0.18627451,-0.028571429,1.628571429,1,NA,0.111111111,13.39573243,46.25899379,0.642695509,29.25866425,0.025116869,0.003119341,4.998700947,0.142820027,38.09422182,3.558712614,0.621762855,0.601182267,0.156650857,17,18,1.014705882,0.849673203,0.391414141,0.466131907,0.462394412,0.445252605,0.390551056,0.276969587,0.133088235,0.117052882,0.406827002,0.531968377,3.364779874,3.871650212,25,24,2.240631546,2.349169825,0.68885398,0.692218948,82.1517574,75.13858162,1.479058808,1.548658025,4.724444788,5.272957106
40,Markam Basin MK-3,Eocene,Mid-N,Eurasia,34.6,0.107317073,0.078947368,2.026315789,1,NA,0.028571429,2.006460695,61.92689015,0.937307692,47.92331824,0.090742047,-0.323308948,5.250425301,0.069084543,44.41606954,3.22967422,0.444312795,0.317745436,0.085989574,41,35,1.268292683,1.240336134,0.488324873,0.703461328,0.584625457,0.475264972,0.671719212,0.477364948,0.107096438,0.083860721,0.166806776,0.319460701,10.56715686,14.48776596,40,41,2.455747487,1.915775311,0.70549649,0.656580786,1145.568798,1088.262018,1.102742125,1.963499785,3.134637138,7.366213464
41,Menat,Paleocene,Mid-N,North America,60.5,0.084729064,-0.247311828,1.849462366,3,1.230240859,0.034482759,4.172685941,34.95891981,0.640125344,16.79065011,-0.036345188,0.105249849,10.02152247,0.107758306,212.3245314,4.907534653,0.644389349,0.683274717,0.171526941,35,58,0.672268908,0.780399274,0.32303188,0.203234501,0.409393605,0.570110321,0.15293839,0.287461131,0.030424786,0.071590968,0.683529915,0.528770491,13.22028526,3.708748616,79,76,2.166805249,2.191524886,0.678189995,0.682668197,109.7340437,123.9488309,2.325435634,1.46472712,14.57360825,5.46943668
42,Messel,Eocene,Mid-N,Eurasia,47.8,0.082310587,0.2125,3.14375,3,1.143662153,0.047619048,5.072059809,32.71042559,0.587926708,17.53053493,0.028335248,-0.121112033,10.29760205,0.064360013,247.6544228,5.22622689,0.59948605,0.308924714,0.252092713,97,63,1.159364261,1.251920123,0.272928765,0.328821976,0.789604925,0.745208444,0.198148688,0.151977041,0.056178625,0.034910447,0.590882081,0.688901684,7.204523632,17.44858534,229,219,3.287168934,3.03153417,0.752353257,0.741486106,849.9564756,740.7387213,1.926569874,2.435368101,8.00879722,12.58640689
43,MexicanHat,Paleocene,Mid-N,North America,65,0.285416667,0.361702128,2.914893617,1,NA,0.3,10.39933283,68.8118223,0.769725805,50.8838174,0.115888956,-0.276939703,7.656004343,0.162893709,39.93280108,3.84887279,0.623421791,0.463813085,0.113559168,32,15,2.262096774,3.104761905,0.473422669,0.73427031,0.899523338,0.804313205,0.606164013,0.281420243,0.311023906,0.113426704,0.172937453,0.381839467,3.234648028,13.38546603,32,32,3.677321759,3.503239121,0.766269254,0.765022353,551.739926,593.741146,1.207616997,2.453128593,3.47435653,11.83765216
44,MoÃÅkollsdalur,Miocene,High-N,Iceland,8.5,0.234567901,0.333333333,1.407407407,1,NA,0.222222222,11.17590813,66.09347443,0.84535814,38.9329806,0.106983954,-0.215912749,4.768854774,0.176624251,22.56434799,3.063823191,0.602214285,0.531683834,0.141718771,18,9,1.150326797,1.277777778,0.476992144,0.650392817,0.48681672,0.154133234,0.602464503,0.517245703,0.317973856,0.133873457,0.140976761,0.238425926,3.047619048,9.745283019,7,5,1.80604784,1.916274208,0.647513484,0.660120188,71.30028033,67.09345288,0.968834807,1.758370299,3.022913552,6.514795996
45,Most_DSH,Miocene,Mid-N,Eurasia,19.55,0.099778883,-0.107438017,2.983471074,1,NA,0.029850746,4.641207149,42.18245328,0.690830518,21.37296892,-0.052797937,0.101774092,15.83251449,0.130847227,288.9127928,5.565315131,0.67922074,0.675379456,0.166903331,54,67,0.895877009,1.926277702,0.482303365,0.168598362,0.810223236,0.746201136,0.088148562,0.407439833,0.026174142,0.124405315,0.709835217,0.374177115,21.07218299,4.288868565,136,153,3.830829007,2.343563421,0.780947381,0.695390221,222.3565738,255.2582885,2.955486174,1.79369577,24.90351386,6.761515114
46,Most_LCH,Miocene,Mid-N,Eurasia,19.55,0.102272727,0.015384615,1.661538462,3,1.381209413,0.03125,5.66747387,33.1233724,0.609636248,21.36850508,-0.038668699,0.027429272,6.827147494,0.105033038,73.49117806,4.292258691,0.616505113,0.656238776,0.236066201,33,32,0.524621212,0.872983871,0.360645325,0.218033999,0.541264513,0.490604076,0.123862974,0.281646531,0.040584416,0.088884631,0.701547125,0.525068233,7.05651275,3.835616438,46,54,1.977097089,1.740620923,0.66012081,0.633184686,120.8594705,121.9842742,1.884160781,1.534958504,8.446235945,5.208059044
47,Mush,Miocene,Low,Africa,21.73,0.160774411,0.043478261,2.768115942,1,NA,0.121212121,6.257212092,56.43221314,0.738543002,37.60123827,0.042119202,-0.000463173,7.28230201,0.105540609,73.31156774,3.96958221,0.560673355,0.322721491,0.135045964,36,33,1.884126984,1.541666667,0.353909058,0.687099504,0.813714477,0.729581343,0.652115089,0.224742466,0.146265173,0.092151989,0.241902074,0.491911103,6.727673394,10.74130241,63,59,3.148773059,2.939086443,0.746423899,0.733231824,574.9776539,562.9475099,1.391362617,2.27073038,4.309548348,10.25505567
48,Palacio_1,Paleocene,Mid-S,Patagonia,65.22,0.313988095,0.20754717,3.981132075,1,NA,0.238095238,8.746362294,68.31872001,0.731529007,47.35225231,0.029873476,-0.109426124,9.599030672,0.181113786,82.12992811,4.639294357,0.712612943,0.589528675,0.08479002,32,21,2.875,4.771428571,0.614862915,0.570075758,0.957876979,0.885507654,0.407314629,0.493483575,0.19704912,0.247265625,0.27506257,0.164719105,7.145296828,8.935920578,46,53,7.104402204,4.526847029,0.853002197,0.797047229,288.3289739,351.8170326,1.956261954,2.44836937,7.306154875,11.89190647
49,Palacio_2,Paleocene,Mid-S,Patagonia,64.08,0.264285714,0.176470588,4.352941176,1,NA,0.196428571,8.143707377,68.59972077,0.799003386,48.68655471,0.023984707,-0.172517971,10.4154959,0.153169057,107.994068,4.838674633,0.689163476,0.498582772,0.101143928,40,28,3.075641026,4.497354497,0.564792009,0.547908685,0.95123686,0.911278003,0.360080737,0.438866391,0.188454997,0.200648148,0.288360824,0.193374672,8.927364364,11.98083624,66,71,6.482650333,4.352001035,0.839893,0.792958061,509.0312529,565.9146166,2.035722693,2.520374113,8.031942338,12.79904946
50,PersitesParadise,Paleocene,Mid-N,North America,59.4,0.292929293,0.419354839,1.870967742,1,NA,0.222222222,12.69416547,65.93008739,0.86026844,48.13358302,0.171164775,-0.371528698,4.572163656,0.14748915,17.18574694,2.914516909,0.551128922,0.567121904,0.08397792,22,9,1.233766234,2.75,0.713402062,0.697656982,0.906439549,0.418364495,0.654627618,0.630683602,0.2495671,0.275462963,0.213035113,0.208539095,3.5,8.601503759,12,10,4.975623902,2.109444773,0.814199094,0.674351006,271.5871066,266.5728326,0.962029596,1.814448375,2.705446161,6.438881151
51,PN_BH,Eocene,Mid-N,North America,53.4,0.253571429,0.473684211,1.868421053,1,NA,0.2,12.93574585,57.93227786,0.779038702,42.21374502,0.24613421,-0.362609811,5.237691524,0.137833987,21.9762249,3.092668251,0.548852481,0.538428528,0.306793755,28,10,1.158730159,2.177777778,0.495318352,0.679507758,0.828354872,0.507578744,0.622648015,0.252824963,0.251005291,0.127866904,0.245361552,0.438434222,2.339097022,9.997742664,18,17,4.535916892,2.033243368,0.79795209,0.660928542,338.6821308,360.0374379,0.710178222,2.017990029,2.126712697,8.34867035
52,Profen,Eocene,Mid-N,Eurasia,37.55,0.140350877,0.173913043,1.565217391,3,1.427197684,0.052631579,10.81030111,36.33025659,0.481578901,20.0936085,0.099181742,-0.043151545,6.062079993,0.131784348,60.12479857,4.00841635,0.64234602,0.743552622,0.312282851,27,19,0.735042735,0.777777778,0.275274517,0.363442579,0.556297183,0.450469495,0.266576746,0.15865893,0.103482115,0.069211855,0.54913378,0.623675194,2.907079646,5.813592233,27,28,2.219935546,1.840508279,0.684594242,0.64621246,75.75026145,76.35099754,1.256697083,1.822913861,4.059849051,8.064310934
53,PyramidButte,Paleocene,Mid-N,North America,66,0.242647059,0.03030303,2,1,NA,0.1875,11.14083141,59.43576389,0.655483774,35.02774678,0.072569632,0.055892657,4.845832563,0.146843411,35.10097113,3.396448705,0.605880954,0.41368511,0.169244147,17,16,1.588235294,1.308333333,0.408333333,0.614177979,0.661243965,0.665149519,0.510027839,0.256326284,0.209099265,0.126388889,0.274067683,0.427709436,3.371794872,5.343195266,21,20,2.495655018,3.031812672,0.70453637,0.739686298,135.6526111,141.914662,1.324762189,1.674009631,3.998125577,5.693539549
54,Quegstein,Oligocene,Mid-N,Eurasia,26.63,0.1875,0,1.125,2,1.332205691,0.166666667,12.71232835,40.56637807,0.65313271,29.33802309,0.010383841,0.054386165,4.040489705,0.168353738,19.64720127,3.000560657,0.603757219,0.755686386,0.187364012,12,12,0.878787879,0.515151515,0.352011494,0.518678161,0.064576803,0.047189452,0.456550617,0.290299475,0.199134199,0.109988777,0.343344156,0.575420875,2.270718232,4.310043668,7,8,1.470438224,1.894875669,0.600916478,0.654410372,33.20198341,32.40451903,1.111667287,1.352460289,3.377709983,4.703269428
56,Republic,Eocene,Mid-N,North America,49.4,0.156417112,-0.128205128,3,1,NA,0.079545455,8.281552603,51.44119092,0.727427575,32.17863458,0.0181449,-0.069905803,7.697890228,0.0986909,99.28057089,4.293821105,0.587345824,0.325612876,0.113823651,34,44,1.885918004,1.76744186,0.441708976,0.545620777,0.825147908,0.765394603,0.421741782,0.322934098,0.095533339,0.134279674,0.383533554,0.415346295,11.932929,7.24084549,81,84,3.707111902,3.262791005,0.775666717,0.752234073,472.885133,514.3721886,1.838087624,2.113502867,6.692027228,8.703753229
57,Rott,Oligocene,Mid-N,Eurasia,23.08,0.084880637,-0.054545455,2.327272727,2,1.095133333,0.034482759,3.797440833,34.7889785,0.650038161,19.44768735,-0.026599096,0.020633478,10.99322863,0.099938442,204.8118783,5.145461444,0.642244463,0.589983026,0.187981443,52,58,0.691553544,1.158499698,0.387694388,0.182013575,0.644249635,0.663959948,0.098728732,0.334321553,0.029949276,0.089194174,0.725003826,0.48391258,13.09356621,5.174131202,110,122,2.563589817,2.114346615,0.712417741,0.675159181,211.4461163,202.9222385,2.469867564,1.774448795,15.36592827,6.620528993
58,SkeletonCoast_BH,Paleocene,Mid-N,North America,59.39,0.398496241,0.461538462,2.038461538,1,NA,0.285714286,16.58309322,62.61987434,0.563572514,45.71097884,0.141529303,-0.318110269,4.904928042,0.188651079,16.48613489,3.187676171,0.651829979,0.629322262,0.177086022,19,7,1.385964912,3.619047619,0.658810732,0.61581619,0.951677826,0.579074302,0.515054692,0.456651747,0.248538012,0.241269841,0.252712801,0.333596834,2.2625,5.301204819,13,9,7.219145679,2.464038225,0.847961025,0.702356627,234.6031499,223.5016814,1.047511966,1.891604993,3.041842547,6.768013536
59,SomebodysGarden,Cretaceous,Mid-N,North America,66.6,0.155172414,0.049180328,2.360655738,1,NA,0.068965517,4.761011316,58.25567861,0.803264849,37.34003519,0.01519169,-0.128788787,6.256301865,0.102562326,51.76975038,3.89979462,0.570726842,0.440739357,0.261056714,32,29,1.411290323,1.588669951,0.454873329,0.359733737,0.73656397,0.718188655,0.295939083,0.383506236,0.116791475,0.128899836,0.343888499,0.338781173,8.208877285,8.767323122,45,43,2.941065818,2.565609503,0.736203795,0.709182076,473.471909,488.9958481,1.642564379,1.659980523,6.441272019,6.071331711
60,Sourdough,Eocene,Mid-N,North America,53.5,0.217391304,0.179487179,2.051282051,1,NA,0.125,6.744936332,64.6045383,0.825572502,49.88694877,0.023932766,-0.046895118,6.003017379,0.153923523,33.27909798,3.652929278,0.6182935,0.529287692,0.114851415,23,16,1.245059289,2.075,0.591791045,0.545100584,0.783712585,0.573031747,0.55752772,0.55806353,0.162384717,0.212830688,0.292742843,0.161783601,6.100884956,7.065527066,17,17,3.743896984,2.194345469,0.766712439,0.682615894,185.7305984,187.6336773,1.554926443,1.821485199,5.299830217,6.706204541
61,Stafholt,Miocene,High-N,Iceland,6.5,0.666666667,0.2,0.8,1,NA,0.5,0,75,1,0,NaN,NaN,2,0.4,2147483650,1.386294361,0.773705614,1,0,3,2,1,1,0.75,0.833333333,NaN,NaN,0.777777778,0.5,0.333333333,NaN,0,NaN,1,2,0,0,2.478962728,1.690496227,0.6375,0.686666667,2,2.828427125,0.34657359,0.823959217,1.5,2.5
62,Trollatunga-GautshamarFm.,Miocene,High-N,Iceland,10,0.407407407,0.5,0.916666667,2,1.754765351,0.333333333,51.09087685,26.92307692,0.04460572,8.333333333,0.1,-0.373809411,2.513441883,0.20945349,18.60428204,2.268605286,0.688324507,0.846227706,0.588776263,9,3,0.472222222,0.666666667,0.466666667,0.466666667,NaN,0,0.350189934,0.106060606,0.305555556,0.066666667,0.555555556,0.766666667,0.259259259,0.777777778,4,4,3.851273044,1.267264699,0.793296786,0.556666667,12.32190072,11.73774636,0.242375663,1.277769899,1.334604093,3.692279673
63,Willershausen,Pliocene,Mid-N,Eurasia,2.8,0.098007414,-0.305439331,5.309623431,2,1.049549308,0.032051282,2.740389298,55.39415488,0.786770019,36.09771079,-0.0317904,0.105504325,24.63356727,0.103069319,567.8657128,6.312302094,0.666649524,0.443808007,0.110922802,83,156,2.486923303,2.997932175,0.500215118,0.252419556,0.919895472,0.918198009,0.145422263,0.38470008,0.033111081,0.112674082,0.621917282,0.307581665,51.77932333,9.887355581,401,429,4.620293729,3.471531259,0.802226486,0.761642413,874.5671627,1213.019983,3.512774709,2.351977956,38.10688608,11.16024846
64,WRI,Eocene,Mid-N,North America,52.416,0.181968569,0.114285714,3.142857143,1,NA,0.064516129,5.833457821,58.62422215,0.799565184,43.27469389,0.046531427,-0.121008706,8.61553814,0.123079116,81.29002361,4.469465974,0.629719649,0.488542865,0.119291933,39,31,1.747638327,2.593548387,0.495059064,0.482665222,0.888157301,0.742198879,0.384440977,0.347481041,0.114884166,0.155936736,0.347280042,0.331508555,9.401733102,9.243075454,63,58,4.215623468,2.808427164,0.791522877,0.728207453,461.6621927,483.2994343,1.894488874,2.251591686,7.199806697,10.03126958